t_rel_s,cycle,phase,force_net_n,q1,q2,q3,q4,q5,q6,tcp_x,tcp_y,tcp_z,touch_value,touch_age_ms
0.0076,1,HOME,-0.0000,1.35075,0.48284,-2.09940,0.04565,1.57079,-3.01912,-0.09678,-0.44233,0.39120,,
0.0288,1,HOME,-0.0000,1.35075,0.48284,-2.09940,0.04565,1.57079,-3.01912,-0.09678,-0.44233,0.39120,,
0.0303,1,HOME,-0.0000,1.35075,0.48284,-2.09940,0.04565,1.57079,-3.01912,-0.09678,-0.44233,0.39120,,
0.0392,1,HOME,-0.0000,1.35075,0.48284,-2.09940,0.04565,1.57079,-3.01912,-0.09678,-0.44233,0.39120,,
0.0467,1,HOME,-0.0000,1.35075,0.48284,-2.09940,0.04565,1.57079,-3.01912,-0.09678,-0.44233,0.39120,,
0.0576,1,HOME,-0.0000,1.35075,0.48284,-2.09940,0.04565,1.57079,-3.01912,-0.09678,-0.44233,0.39120,,
0.0673,1,HOME,-0.0000,1.35075,0.48284,-2.09940,0.04565,1.57079,-3.01912,-0.09678,-0.44233,0.39120,,
0.0819,1,HOME,-0.0000,1.35075,0.48284,-2.09940,0.04565,1.57079,-3.01912,-0.09678,-0.44233,0.39120,,
0.0877,1,HOME,-0.0000,1.35075,0.48284,-2.09940,0.04565,1.57079,-3.01912,-0.09678,-0.44233,0.39120,,
0.0960,1,HOME,-0.0000,1.35075,0.48284,-2.09940,0.04565,1.57079,-3.01912,-0.09678,-0.44233,0.39120,,
0.1091,1,HOME,-0.0000,1.35075,0.48284,-2.09940,0.04565,1.57079,-3.01912,-0.09678,-0.44233,0.39120,,
0.1330,1,HOME,-0.0000,1.35075,0.48284,-2.09940,0.04565,1.57079,-3.01912,-0.09678,-0.44233,0.39120,,
0.1376,1,HOME,-0.0000,1.35075,0.48284,-2.09940,0.04565,1.57079,-3.01912,-0.09678,-0.44233,0.39120,,
0.1404,1,HOME,-0.0000,1.35075,0.48284,-2.09940,0.04565,1.57079,-3.01912,-0.09678,-0.44233,0.39120,,
0.1486,1,HOME,-0.0000,1.35075,0.48284,-2.09940,0.04565,1.57079,-3.01912,-0.09678,-0.44233,0.39120,,
0.1585,1,HOME,-0.0000,1.35075,0.48284,-2.09940,0.04565,1.57079,-3.01912,-0.09678,-0.44233,0.39120,,
0.1707,1,HOME,-0.0000,1.35075,0.48284,-2.09940,0.04565,1.57079,-3.01912,-0.09678,-0.44233,0.39120,,
0.1795,1,HOME,-0.0000,1.35075,0.48284,-2.09940,0.04565,1.57079,-3.01912,-0.09678,-0.44233,0.39120,,
0.1906,1,HOME,-0.0000,1.35075,0.48284,-2.09940,0.04565,1.57079,-3.01912,-0.09678,-0.44233,0.39120,,
0.1973,1,HOME,-0.0000,1.35075,0.48284,-2.09940,0.04565,1.57079,-3.01912,-0.09678,-0.44233,0.39120,,
0.2085,1,HOME,-0.0000,1.35075,0.48284,-2.09940,0.04565,1.57079,-3.01912,-0.09678,-0.44233,0.39120,,
0.2161,1,HOME,-0.0000,1.35075,0.48284,-2.09940,0.04565,1.57079,-3.01912,-0.09678,-0.44233,0.39120,,
0.2264,1,HOME,-0.0000,1.35075,0.48284,-2.09940,0.04565,1.57079,-3.01912,-0.09678,-0.44233,0.39120,,
0.2392,1,HOME,-0.0000,1.35075,0.48284,-2.09940,0.04565,1.57079,-3.01912,-0.09678,-0.44233,0.39120,,
0.2520,1,HOME,-0.0000,1.35075,0.48284,-2.09940,0.04565,1.57079,-3.01912,-0.09678,-0.44233,0.39120,,
0.2591,1,HOME,-0.0000,1.35075,0.48284,-2.09940,0.04565,1.57079,-3.01912,-0.09678,-0.44233,0.39120,,
0.2769,1,HOME,-0.0000,1.35075,0.48284,-2.09940,0.04565,1.57079,-3.01912,-0.09678,-0.44233,0.39120,,
0.2780,1,HOME,-0.0000,1.35075,0.48284,-2.09940,0.04565,1.57079,-3.01912,-0.09678,-0.44233,0.39120,,
0.2875,1,HOME,-0.0000,1.35075,0.48284,-2.09940,0.04565,1.57079,-3.01912,-0.09678,-0.44233,0.39120,,
0.3275,1,HOME,-0.0000,1.35075,0.48284,-2.09940,0.04565,1.57079,-3.01912,-0.09678,-0.44233,0.39120,,
0.3505,1,HOME,-0.0000,1.35075,0.48284,-2.09940,0.04565,1.57079,-3.01912,-0.09678,-0.44233,0.39120,,
0.3511,1,HOME,-0.0000,1.35075,0.48284,-2.09940,0.04565,1.57079,-3.01912,-0.09678,-0.44233,0.39120,,
0.3514,1,HOME,-0.0000,1.35075,0.48284,-2.09940,0.04565,1.57079,-3.01912,-0.09678,-0.44233,0.39120,,
0.3624,1,HOME,-0.0000,1.35075,0.48284,-2.09940,0.04565,1.57079,-3.01912,-0.09678,-0.44233,0.39120,,
0.3668,1,HOME,-0.0000,1.35075,0.48284,-2.09940,0.04565,1.57079,-3.01912,-0.09678,-0.44233,0.39120,,
0.3819,1,HOME,-0.0000,1.35075,0.48284,-2.09940,0.04565,1.57079,-3.01912,-0.09678,-0.44233,0.39120,,
0.3895,1,HOME,-0.0000,1.35075,0.48284,-2.09940,0.04565,1.57079,-3.01912,-0.09678,-0.44233,0.39120,,
0.3973,1,HOME,-0.0000,1.35075,0.48284,-2.09940,0.04565,1.57079,-3.01912,-0.09678,-0.44233,0.39120,,
0.4087,1,HOME,-0.0000,1.35075,0.48284,-2.09940,0.04565,1.57079,-3.01912,-0.09678,-0.44233,0.39120,,
0.4159,1,HOME,-0.0000,1.35075,0.48284,-2.09940,0.04565,1.57079,-3.01912,-0.09678,-0.44233,0.39120,,
0.4564,1,HOME,-0.0000,1.35075,0.48284,-2.09940,0.04565,1.57079,-3.01912,-0.09678,-0.44233,0.39120,,
0.4691,1,HOME,-0.0000,1.35075,0.48284,-2.09940,0.04565,1.57079,-3.01912,-0.09678,-0.44233,0.39120,,
0.4925,1,HOME,-0.0000,1.35075,0.48284,-2.09940,0.04565,1.57079,-3.01912,-0.09678,-0.44233,0.39120,,
0.4930,1,HOME,-0.0000,1.35075,0.48284,-2.09940,0.04565,1.57079,-3.01912,-0.09678,-0.44233,0.39120,,
0.4983,1,HOME,-0.0000,1.35075,0.48284,-2.09940,0.04565,1.57079,-3.01912,-0.09678,-0.44233,0.39120,,
0.5083,1,HOME,-0.0000,1.35075,0.48284,-2.09940,0.04565,1.57079,-3.01912,-0.09678,-0.44233,0.39120,,
0.5170,1,HOME,-0.0000,1.35075,0.48284,-2.09940,0.04565,1.57079,-3.01912,-0.09678,-0.44233,0.39120,,
0.5323,1,HOME,-0.0000,1.35075,0.48284,-2.09940,0.04565,1.57079,-3.01912,-0.09678,-0.44233,0.39120,,
0.5414,1,HOME,-0.0000,1.35075,0.48284,-2.09940,0.04565,1.57079,-3.01912,-0.09678,-0.44233,0.39120,,
0.5460,1,HOME,-0.0000,1.35075,0.48284,-2.09940,0.04565,1.57079,-3.01912,-0.09678,-0.44233,0.39120,,
0.5590,1,HOME,-0.0000,1.35075,0.48284,-2.09940,0.04565,1.57079,-3.01911,-0.09678,-0.44233,0.39120,,
0.5677,1,HOME,-0.0000,1.35075,0.48284,-2.09940,0.04565,1.57079,-3.01911,-0.09678,-0.44233,0.39120,,
0.5798,1,HOME,-0.0000,1.35075,0.48284,-2.09940,0.04565,1.57079,-3.01911,-0.09678,-0.44233,0.39120,,
0.5969,1,HOME,-0.0000,1.35075,0.48284,-2.09940,0.04565,1.57079,-3.01911,-0.09678,-0.44233,0.39120,,
0.5997,1,HOME,-0.0000,1.35075,0.48284,-2.09940,0.04565,1.57079,-3.01911,-0.09678,-0.44233,0.39120,,
0.6074,1,HOME,-0.0000,1.35075,0.48284,-2.09940,0.04565,1.57079,-3.01911,-0.09678,-0.44233,0.39120,,
0.6160,1,HOME,-0.0000,1.35075,0.48284,-2.09940,0.04565,1.57079,-3.01912,-0.09678,-0.44233,0.39120,,
0.6410,1,HOME,-0.0000,1.35075,0.48284,-2.09940,0.04565,1.57079,-3.01912,-0.09678,-0.44233,0.39120,,
0.6414,1,HOME,-0.0000,1.35075,0.48284,-2.09940,0.04565,1.57079,-3.01912,-0.09678,-0.44233,0.39120,,
0.6466,1,HOME,-0.0000,1.35075,0.48284,-2.09940,0.04565,1.57079,-3.01912,-0.09678,-0.44233,0.39120,,
0.6561,1,HOME,-0.0000,1.35075,0.48284,-2.09940,0.04565,1.57079,-3.01912,-0.09678,-0.44233,0.39120,,
0.6678,1,HOME,-0.0000,1.35075,0.48284,-2.09940,0.04565,1.57079,-3.01911,-0.09678,-0.44233,0.39120,,
0.6868,1,HOME,-0.0000,1.35075,0.48284,-2.09940,0.04565,1.57079,-3.01911,-0.09678,-0.44233,0.39120,,
0.6876,1,HOME,-0.0000,1.35075,0.48284,-2.09940,0.04565,1.57079,-3.01911,-0.09678,-0.44233,0.39120,,
0.6992,1,HOME,-0.0000,1.35075,0.48284,-2.09940,0.04565,1.57079,-3.01911,-0.09678,-0.44233,0.39120,,
0.7071,1,HOME,-0.0000,1.35075,0.48284,-2.09940,0.04565,1.57079,-3.01911,-0.09678,-0.44233,0.39120,,
0.7162,1,HOME,-0.0000,1.35075,0.48284,-2.09940,0.04565,1.57079,-3.01911,-0.09678,-0.44233,0.39120,,
0.7345,1,DESCENDING,-0.0000,1.35075,0.48284,-2.09940,0.04565,1.57079,-3.01911,-0.09678,-0.44233,0.39120,,
0.7490,1,DESCENDING,-0.0000,1.35075,0.48284,-2.09940,0.04565,1.57079,-3.01911,-0.09678,-0.44233,0.39120,,
0.7496,1,DESCENDING,-0.0000,1.35075,0.48284,-2.09940,0.04565,1.57079,-3.01911,-0.09678,-0.44233,0.39120,,
0.7574,1,DESCENDING,-0.0000,1.35075,0.48284,-2.09940,0.04565,1.57079,-3.01911,-0.09678,-0.44233,0.39120,,
0.7713,1,DESCENDING,-0.0000,1.35075,0.48284,-2.09940,0.04565,1.57079,-3.01911,-0.09678,-0.44233,0.39120,,
0.7994,1,DESCENDING,-0.0000,1.35075,0.48284,-2.09940,0.04565,1.57079,-3.01911,-0.09678,-0.44233,0.39120,,
0.8066,1,DESCENDING,-0.0000,1.35075,0.48284,-2.09940,0.04565,1.57079,-3.01911,-0.09678,-0.44233,0.39120,,
0.8171,1,DESCENDING,-0.0000,1.35075,0.48284,-2.09940,0.04565,1.57079,-3.01911,-0.09678,-0.44233,0.39120,,
0.8286,1,DESCENDING,-0.0000,1.35075,0.48284,-2.09940,0.04565,1.57079,-3.01911,-0.09678,-0.44233,0.39120,,
0.8398,1,DESCENDING,-0.0000,1.35075,0.48284,-2.09940,0.04565,1.57079,-3.01911,-0.09678,-0.44233,0.39120,,
0.8547,1,DESCENDING,-0.0000,1.35075,0.48284,-2.09940,0.04565,1.57079,-3.01911,-0.09678,-0.44233,0.39120,,
0.8608,1,DESCENDING,-0.0000,1.35075,0.48284,-2.09940,0.04565,1.57079,-3.01911,-0.09678,-0.44233,0.39120,,
0.8694,1,DESCENDING,-0.0000,1.35075,0.48284,-2.09940,0.04565,1.57079,-3.01911,-0.09678,-0.44233,0.39120,,
0.8757,1,DESCENDING,-0.0000,1.35075,0.48284,-2.09940,0.04565,1.57079,-3.01911,-0.09678,-0.44233,0.39120,,
0.8857,1,DESCENDING,-0.0000,1.35075,0.48284,-2.09940,0.04565,1.57079,-3.01911,-0.09678,-0.44233,0.39120,,
0.9011,1,DESCENDING,-0.0000,1.35075,0.48284,-2.09940,0.04565,1.57079,-3.01911,-0.09678,-0.44233,0.39120,,
0.9068,1,DESCENDING,-0.0000,1.35075,0.48284,-2.09940,0.04565,1.57079,-3.01911,-0.09678,-0.44233,0.39120,,
0.9184,1,DESCENDING,-0.0000,1.35075,0.48284,-2.09940,0.04565,1.57079,-3.01911,-0.09678,-0.44233,0.39120,,
0.9270,1,DESCENDING,-0.0000,1.35075,0.48284,-2.09941,0.04565,1.57079,-3.01911,-0.09678,-0.44233,0.39120,,
0.9476,1,DESCENDING,-0.0000,1.35075,0.48284,-2.09942,0.04566,1.57079,-3.01911,-0.09678,-0.44233,0.39120,,
0.9511,1,DESCENDING,-0.0000,1.35075,0.48284,-2.09942,0.04566,1.57079,-3.01911,-0.09678,-0.44233,0.39120,,
0.9604,1,DESCENDING,-0.0000,1.35075,0.48284,-2.09942,0.04567,1.57079,-3.01911,-0.09678,-0.44233,0.39120,,
0.9688,1,DESCENDING,-0.0000,1.35075,0.48284,-2.09942,0.04566,1.57079,-3.01911,-0.09678,-0.44233,0.39120,,
0.9762,1,DESCENDING,-0.0000,1.35075,0.48284,-2.09942,0.04566,1.57079,-3.01911,-0.09678,-0.44233,0.39120,,
0.9878,1,DESCENDING,-0.0000,1.35075,0.48284,-2.09942,0.04567,1.57079,-3.01911,-0.09678,-0.44233,0.39120,,
0.9988,1,DESCENDING,-0.0000,1.35075,0.48284,-2.09942,0.04566,1.57079,-3.01911,-0.09678,-0.44233,0.39120,,
1.0090,1,DESCENDING,-0.0000,1.35075,0.48284,-2.09942,0.04566,1.57079,-3.01911,-0.09678,-0.44233,0.39120,,
1.0418,1,DESCENDING,-0.0000,1.35075,0.48284,-2.09941,0.04566,1.57079,-3.01912,-0.09678,-0.44233,0.39120,,
1.0554,1,DESCENDING,-0.0000,1.35075,0.48284,-2.09944,0.04569,1.57079,-3.01912,-0.09678,-0.44233,0.39118,,
1.0610,1,DESCENDING,-0.0000,1.35075,0.48283,-2.09946,0.04570,1.57079,-3.01912,-0.09678,-0.44233,0.39117,,
1.0615,1,DESCENDING,-0.0000,1.35075,0.48283,-2.09946,0.04570,1.57079,-3.01912,-0.09678,-0.44233,0.39117,,
1.0718,1,DESCENDING,-0.0000,1.35075,0.48283,-2.09946,0.04570,1.57079,-3.01912,-0.09678,-0.44233,0.39118,,
1.0808,1,DESCENDING,-0.0000,1.35075,0.48283,-2.09946,0.04571,1.57079,-3.01912,-0.09678,-0.44233,0.39117,,
1.0919,1,DESCENDING,-0.0000,1.35075,0.48283,-2.09945,0.04570,1.57079,-3.01911,-0.09678,-0.44233,0.39118,,
1.0959,1,DESCENDING,-0.0000,1.35075,0.48283,-2.09945,0.04570,1.57079,-3.01911,-0.09678,-0.44233,0.39118,,
1.1066,1,DESCENDING,-0.0000,1.35075,0.48283,-2.09945,0.04570,1.57079,-3.01911,-0.09678,-0.44233,0.39118,,
1.1193,1,DESCENDING,-0.0000,1.35075,0.48283,-2.09945,0.04569,1.57079,-3.01911,-0.09678,-0.44233,0.39118,,
1.1295,1,DESCENDING,-0.0000,1.35075,0.48284,-2.09944,0.04569,1.57079,-3.01911,-0.09678,-0.44233,0.39118,,
1.1466,1,DESCENDING,-0.0000,1.35075,0.48284,-2.09944,0.04569,1.57079,-3.01911,-0.09678,-0.44233,0.39118,,
1.1592,1,DESCENDING,-0.0000,1.35075,0.48284,-2.09943,0.04568,1.57079,-3.01911,-0.09678,-0.44233,0.39119,,
1.1676,1,DESCENDING,-0.0000,1.35075,0.48284,-2.09944,0.04569,1.57079,-3.01911,-0.09678,-0.44233,0.39119,,
1.1775,1,DESCENDING,-0.0000,1.35075,0.48284,-2.09944,0.04568,1.57079,-3.01911,-0.09678,-0.44233,0.39119,,
1.1868,1,DESCENDING,-0.0000,1.35075,0.48284,-2.09943,0.04568,1.57079,-3.01911,-0.09678,-0.44233,0.39119,,
1.1999,1,DESCENDING,-0.0000,1.35075,0.48283,-2.09944,0.04569,1.57079,-3.01911,-0.09678,-0.44233,0.39118,,
1.2075,1,DESCENDING,-0.0000,1.35075,0.48283,-2.09946,0.04571,1.57079,-3.01911,-0.09678,-0.44233,0.39117,,
1.2163,1,DESCENDING,-0.0000,1.35075,0.48283,-2.09946,0.04570,1.57079,-3.01911,-0.09678,-0.44233,0.39117,,
1.2284,1,DESCENDING,-0.0000,1.35075,0.48283,-2.09945,0.04570,1.57079,-3.01911,-0.09678,-0.44233,0.39118,,
1.2400,1,DESCENDING,-0.0000,1.35075,0.48283,-2.09945,0.04570,1.57079,-3.01911,-0.09678,-0.44233,0.39118,,
1.2493,1,DESCENDING,-0.0000,1.35075,0.48284,-2.09944,0.04569,1.57079,-3.01911,-0.09678,-0.44233,0.39118,,
1.2574,1,DESCENDING,-0.0000,1.35075,0.48284,-2.09944,0.04569,1.57079,-3.01911,-0.09678,-0.44233,0.39118,,
1.2881,1,DESCENDING,-0.0000,1.35075,0.48284,-2.09943,0.04568,1.57079,-3.01911,-0.09678,-0.44233,0.39119,,
1.2927,1,DESCENDING,-0.0000,1.35075,0.48284,-2.09943,0.04568,1.57079,-3.01911,-0.09678,-0.44233,0.39119,,
1.2954,1,DESCENDING,-0.0000,1.35075,0.48284,-2.09943,0.04568,1.57079,-3.01911,-0.09678,-0.44233,0.39119,,
1.3111,1,DESCENDING,-0.0000,1.35075,0.48284,-2.09942,0.04567,1.57079,-3.01911,-0.09678,-0.44233,0.39119,,
1.3176,1,DESCENDING,-0.0000,1.35075,0.48284,-2.09942,0.04567,1.57079,-3.01911,-0.09678,-0.44233,0.39119,,
1.3274,1,DESCENDING,-0.0000,1.35075,0.48284,-2.09942,0.04567,1.57079,-3.01911,-0.09678,-0.44233,0.39119,,
1.3370,1,DESCENDING,-0.0000,1.35075,0.48284,-2.09942,0.04567,1.57079,-3.01912,-0.09678,-0.44233,0.39120,,
1.3679,1,DESCENDING,-0.0000,1.35075,0.48284,-2.09942,0.04567,1.57079,-3.01912,-0.09678,-0.44233,0.39120,,
1.3730,1,DESCENDING,-0.0000,1.35075,0.48284,-2.09942,0.04567,1.57079,-3.01912,-0.09678,-0.44233,0.39120,,
1.3774,1,DESCENDING,-0.0000,1.35075,0.48284,-2.09942,0.04567,1.57079,-3.01912,-0.09678,-0.44233,0.39119,,
1.3878,1,DESCENDING,-0.0000,1.35075,0.48284,-2.09943,0.04568,1.57079,-3.01912,-0.09678,-0.44233,0.39119,,
1.3982,1,DESCENDING,-0.0000,1.35075,0.48284,-2.09943,0.04568,1.57079,-3.01912,-0.09678,-0.44233,0.39119,,
1.4086,1,DESCENDING,-0.0000,1.35075,0.48284,-2.09943,0.04568,1.57079,-3.01912,-0.09678,-0.44233,0.39119,,
1.4204,1,DESCENDING,-0.0000,1.35075,0.48284,-2.09943,0.04568,1.57079,-3.01912,-0.09678,-0.44233,0.39119,,
1.4262,1,DESCENDING,-0.0000,1.35075,0.48284,-2.09943,0.04568,1.57079,-3.01912,-0.09678,-0.44233,0.39119,,
1.4381,1,DESCENDING,-0.0000,1.35075,0.48284,-2.09942,0.04567,1.57079,-3.01912,-0.09678,-0.44233,0.39119,,
1.4659,1,DESCENDING,-0.0000,1.35075,0.48284,-2.09942,0.04567,1.57079,-3.01912,-0.09678,-0.44233,0.39120,,
1.4664,1,DESCENDING,-0.0000,1.35075,0.48284,-2.09942,0.04567,1.57079,-3.01912,-0.09678,-0.44233,0.39120,,
1.4791,1,DESCENDING,-0.0000,1.35075,0.48284,-2.09942,0.04566,1.57079,-3.01912,-0.09678,-0.44233,0.39120,,
1.5061,1,DESCENDING,-0.0000,1.35075,0.48284,-2.09944,0.04569,1.57079,-3.01912,-0.09678,-0.44233,0.39118,,
1.5067,1,DESCENDING,-0.0000,1.35075,0.48284,-2.09944,0.04569,1.57079,-3.01912,-0.09678,-0.44233,0.39118,,
1.5144,1,DESCENDING,-0.0000,1.35075,0.48283,-2.09946,0.04571,1.57079,-3.01912,-0.09678,-0.44233,0.39117,,
1.5422,1,DESCENDING,-0.0000,1.35075,0.48283,-2.09945,0.04570,1.57079,-3.01912,-0.09678,-0.44233,0.39118,,
1.5455,1,DESCENDING,-0.0000,1.35075,0.48283,-2.09945,0.04570,1.57079,-3.01912,-0.09678,-0.44233,0.39118,,
1.5564,1,DESCENDING,-0.0000,1.35075,0.48283,-2.09945,0.04569,1.57079,-3.01912,-0.09678,-0.44233,0.39118,,
1.5657,1,DESCENDING,-0.0000,1.35075,0.48283,-2.09946,0.04570,1.57079,-3.01912,-0.09678,-0.44233,0.39117,,
1.5779,1,DESCENDING,-0.0000,1.35075,0.48283,-2.09945,0.04570,1.57079,-3.01912,-0.09678,-0.44233,0.39118,,
1.5858,1,DESCENDING,-0.0000,1.35075,0.48283,-2.09945,0.04570,1.57079,-3.01912,-0.09678,-0.44233,0.39118,,
1.6345,1,DESCENDING,-0.0000,1.35075,0.48284,-2.09943,0.04568,1.57079,-3.01911,-0.09678,-0.44233,0.39119,,
1.6438,1,DESCENDING,-0.0000,1.35075,0.48284,-2.09943,0.04568,1.57079,-3.01911,-0.09678,-0.44233,0.39119,,
1.6565,1,DESCENDING,-0.0000,1.35075,0.48284,-2.09943,0.04568,1.57079,-3.01911,-0.09678,-0.44233,0.39119,,
1.6646,1,DESCENDING,-0.0000,1.35075,0.48284,-2.09943,0.04568,1.57079,-3.01911,-0.09678,-0.44233,0.39119,,
1.6990,1,DESCENDING,-0.0000,1.35075,0.48284,-2.09942,0.04567,1.57079,-3.01911,-0.09678,-0.44233,0.39119,,
1.7183,1,DESCENDING,-0.0000,1.35075,0.48284,-2.09942,0.04567,1.57079,-3.01911,-0.09678,-0.44233,0.39120,,
1.7366,1,DESCENDING,-0.0000,1.35075,0.48284,-2.09941,0.04566,1.57079,-3.01911,-0.09678,-0.44233,0.39120,,
1.7437,1,DESCENDING,-0.0000,1.35075,0.48284,-2.09941,0.04566,1.57079,-3.01911,-0.09678,-0.44233,0.39120,,
1.7482,1,DESCENDING,-0.0000,1.35075,0.48284,-2.09941,0.04566,1.57079,-3.01911,-0.09678,-0.44233,0.39120,,
1.7628,1,DESCENDING,-0.0000,1.35075,0.48284,-2.09941,0.04566,1.57079,-3.01911,-0.09678,-0.44233,0.39120,,
1.7805,1,DESCENDING,-0.0000,1.35075,0.48284,-2.09941,0.04566,1.57079,-3.01911,-0.09678,-0.44233,0.39120,,
1.8402,1,DESCENDING,-0.0000,1.35075,0.48283,-2.09951,0.04576,1.57079,-3.01911,-0.09678,-0.44233,0.39114,,
1.8445,1,DESCENDING,-0.0000,1.35075,0.48283,-2.09951,0.04576,1.57079,-3.01911,-0.09678,-0.44233,0.39114,,
1.8449,1,DESCENDING,-0.0000,1.35075,0.48283,-2.09951,0.04576,1.57079,-3.01911,-0.09678,-0.44233,0.39114,,
1.9320,1,DESCENDING,-0.0000,1.35075,0.48283,-2.09957,0.04583,1.57079,-3.01911,-0.09678,-0.44233,0.39111,,
1.9424,1,DESCENDING,-0.0000,1.35075,0.48283,-2.09956,0.04581,1.57079,-3.01911,-0.09678,-0.44233,0.39112,,
1.9546,1,DESCENDING,-0.0000,1.35075,0.48283,-2.09955,0.04581,1.57079,-3.01911,-0.09678,-0.44233,0.39112,,
2.0512,1,DESCENDING,-0.0000,1.35075,0.48283,-2.09946,0.04571,1.57079,-3.01912,-0.09678,-0.44233,0.39117,,
2.0516,1,DESCENDING,-0.0000,1.35075,0.48283,-2.09946,0.04571,1.57079,-3.01912,-0.09678,-0.44233,0.39117,,
2.0692,1,DESCENDING,-0.0000,1.35075,0.48283,-2.09945,0.04570,1.57079,-3.01912,-0.09678,-0.44233,0.39118,,
2.0971,1,DESCENDING,-0.0000,1.35075,0.48283,-2.09945,0.04570,1.57079,-3.01912,-0.09678,-0.44233,0.39118,,
2.1221,1,DESCENDING,-0.0000,1.35075,0.48283,-2.09945,0.04569,1.57079,-3.01912,-0.09678,-0.44233,0.39118,,
2.1296,1,DESCENDING,-0.0000,1.35075,0.48283,-2.09945,0.04569,1.57079,-3.01912,-0.09678,-0.44233,0.39118,,
2.1351,1,DESCENDING,-0.0000,1.35075,0.48283,-2.09944,0.04569,1.57079,-3.01912,-0.09678,-0.44233,0.39118,,
2.1436,1,DESCENDING,-0.0000,1.35075,0.48284,-2.09944,0.04569,1.57079,-3.01912,-0.09678,-0.44233,0.39119,,
2.1503,1,DESCENDING,-0.0000,1.35075,0.48284,-2.09943,0.04568,1.57079,-3.01912,-0.09678,-0.44233,0.39119,,
2.2286,1,DESCENDING,-0.0000,1.35075,0.48283,-2.09952,0.04577,1.57079,-3.01912,-0.09678,-0.44233,0.39114,,
2.2549,1,DESCENDING,-0.0000,1.35075,0.48283,-2.09953,0.04578,1.57079,-3.01912,-0.09678,-0.44233,0.39113,,
2.2555,1,DESCENDING,-0.0000,1.35075,0.48283,-2.09953,0.04578,1.57079,-3.01912,-0.09678,-0.44233,0.39113,,
2.2725,1,DESCENDING,-0.0000,1.35075,0.48283,-2.09948,0.04573,1.57079,-3.01912,-0.09678,-0.44233,0.39116,,
2.2835,1,DESCENDING,-0.0000,1.35075,0.48283,-2.09950,0.04575,1.57079,-3.01912,-0.09678,-0.44233,0.39115,,
2.2920,1,DESCENDING,-0.0000,1.35075,0.48283,-2.09950,0.04575,1.57079,-3.01912,-0.09678,-0.44233,0.39115,,
2.3134,1,DESCENDING,-0.0000,1.35075,0.48283,-2.09949,0.04574,1.57079,-3.01911,-0.09678,-0.44233,0.39116,,
2.3420,1,DESCENDING,-0.0000,1.35075,0.48283,-2.09947,0.04572,1.57079,-3.01912,-0.09678,-0.44233,0.39117,,
2.3906,1,DESCENDING,-0.0000,1.35075,0.48283,-2.09946,0.04571,1.57079,-3.01912,-0.09678,-0.44233,0.39117,,
2.5875,1,DESCENDING,-0.0000,1.35075,0.48282,-2.09973,0.04599,1.57079,-3.01912,-0.09678,-0.44233,0.39102,,
2.5965,1,DESCENDING,-0.0000,1.35075,0.48282,-2.09974,0.04600,1.57079,-3.01912,-0.09678,-0.44233,0.39101,,
2.5969,1,DESCENDING,-0.0000,1.35075,0.48282,-2.09974,0.04600,1.57079,-3.01912,-0.09678,-0.44233,0.39101,,
2.6054,1,DESCENDING,-0.0000,1.35075,0.48282,-2.09972,0.04599,1.57079,-3.01912,-0.09678,-0.44233,0.39102,,
2.6093,1,DESCENDING,-0.0000,1.35075,0.48282,-2.09972,0.04599,1.57079,-3.01912,-0.09678,-0.44233,0.39102,,
2.6601,1,DESCENDING,-0.0000,1.35075,0.48282,-2.09977,0.04604,1.57079,-3.01912,-0.09678,-0.44233,0.39099,,
2.6723,1,DESCENDING,-0.0000,1.35075,0.48282,-2.09975,0.04601,1.57079,-3.01912,-0.09678,-0.44233,0.39100,,
2.7445,1,DESCENDING,-0.0000,1.35075,0.48282,-2.09967,0.04593,1.57079,-3.01912,-0.09678,-0.44233,0.39105,,
2.7701,1,DESCENDING,-0.0000,1.35075,0.48282,-2.09967,0.04593,1.57079,-3.01912,-0.09678,-0.44233,0.39105,,
2.7998,1,DESCENDING,-0.0000,1.35075,0.48282,-2.09969,0.04595,1.57079,-3.01912,-0.09678,-0.44233,0.39104,,
2.8044,1,DESCENDING,-0.0000,1.35075,0.48282,-2.09971,0.04597,1.57079,-3.01912,-0.09678,-0.44233,0.39103,,
2.8540,1,DESCENDING,-0.0000,1.35075,0.48282,-2.09966,0.04592,1.57079,-3.01912,-0.09678,-0.44233,0.39106,,
2.8653,1,DESCENDING,-0.0000,1.35075,0.48282,-2.09967,0.04593,1.57079,-3.01912,-0.09678,-0.44233,0.39105,,
2.8744,1,DESCENDING,-0.0000,1.35075,0.48282,-2.09965,0.04591,1.57079,-3.01912,-0.09678,-0.44233,0.39106,,
2.9246,1,DESCENDING,-0.0000,1.35075,0.48282,-2.09974,0.04601,1.57079,-3.01912,-0.09678,-0.44233,0.39101,,
2.9409,1,DESCENDING,-0.0000,1.35075,0.48282,-2.09973,0.04599,1.57079,-3.01912,-0.09678,-0.44233,0.39101,,
2.9485,1,DESCENDING,-0.0000,1.35075,0.48282,-2.09974,0.04600,1.57079,-3.01912,-0.09678,-0.44233,0.39101,,
2.9647,1,DESCENDING,-0.0000,1.35075,0.48282,-2.09968,0.04594,1.57079,-3.01912,-0.09678,-0.44233,0.39104,,
3.0836,1,DESCENDING,-0.0000,1.35075,0.48281,-2.09988,0.04615,1.57079,-3.01912,-0.09678,-0.44233,0.39093,,
3.0840,1,DESCENDING,-0.0000,1.35075,0.48281,-2.09988,0.04615,1.57079,-3.01912,-0.09678,-0.44233,0.39093,,
3.1073,1,DESCENDING,-0.0000,1.35075,0.48281,-2.09988,0.04615,1.57079,-3.01912,-0.09678,-0.44233,0.39093,,
3.1221,1,DESCENDING,-0.0000,1.35075,0.48281,-2.09984,0.04611,1.57079,-3.01912,-0.09678,-0.44233,0.39095,,
3.1572,1,DESCENDING,-0.0000,1.35075,0.48282,-2.09979,0.04606,1.57079,-3.01912,-0.09678,-0.44233,0.39098,,
3.1629,1,DESCENDING,-0.0000,1.35075,0.48282,-2.09981,0.04608,1.57079,-3.01912,-0.09678,-0.44233,0.39097,,
3.1956,1,DESCENDING,-0.0000,1.35075,0.48282,-2.09978,0.04604,1.57079,-3.01911,-0.09678,-0.44233,0.39099,,
3.2700,1,DESCENDING,-0.0000,1.35075,0.48283,-2.09959,0.04585,1.57079,-3.01911,-0.09678,-0.44233,0.39110,,
3.2740,1,DESCENDING,-0.0000,1.35075,0.48283,-2.09959,0.04585,1.57079,-3.01911,-0.09678,-0.44233,0.39109,,
3.2827,1,DESCENDING,-0.0000,1.35075,0.48283,-2.09959,0.04585,1.57079,-3.01911,-0.09678,-0.44233,0.39110,,
3.3096,1,DESCENDING,-0.0000,1.35075,0.48283,-2.09955,0.04580,1.57079,-3.01911,-0.09678,-0.44233,0.39112,,
3.3137,1,DESCENDING,-0.0000,1.35075,0.48283,-2.09955,0.04580,1.57079,-3.01911,-0.09678,-0.44233,0.39112,,
3.3707,1,DESCENDING,-0.0000,1.35075,0.48283,-2.09959,0.04585,1.57079,-3.01911,-0.09678,-0.44233,0.39109,,
3.3711,1,DESCENDING,-0.0000,1.35075,0.48283,-2.09959,0.04585,1.57079,-3.01911,-0.09678,-0.44233,0.39109,,
3.3747,1,DESCENDING,-0.0000,1.35075,0.48283,-2.09959,0.04585,1.57079,-3.01911,-0.09678,-0.44233,0.39110,,
3.3819,1,DESCENDING,-0.0000,1.35075,0.48283,-2.09957,0.04583,1.57079,-3.01911,-0.09678,-0.44233,0.39111,,
3.4008,1,DESCENDING,-0.0000,1.35075,0.48283,-2.09959,0.04585,1.57079,-3.01911,-0.09678,-0.44233,0.39110,,
3.4248,1,DESCENDING,-0.0000,1.35075,0.48283,-2.09961,0.04586,1.57079,-3.01911,-0.09678,-0.44233,0.39109,,
3.4464,1,DESCENDING,-0.0000,1.35075,0.48283,-2.09959,0.04585,1.57079,-3.01911,-0.09678,-0.44233,0.39109,,
3.4664,1,DESCENDING,-0.0000,1.35075,0.48282,-2.09964,0.04590,1.57079,-3.01911,-0.09678,-0.44233,0.39107,,
3.4751,1,DESCENDING,-0.0000,1.35075,0.48282,-2.09966,0.04592,1.57079,-3.01911,-0.09678,-0.44233,0.39105,,
3.5032,1,DESCENDING,-0.0000,1.35075,0.48282,-2.09972,0.04599,1.57079,-3.01911,-0.09678,-0.44233,0.39102,,
3.5190,1,DESCENDING,-0.0000,1.35075,0.48282,-2.09973,0.04599,1.57079,-3.01911,-0.09678,-0.44233,0.39102,,
3.5195,1,DESCENDING,-0.0000,1.35075,0.48282,-2.09973,0.04599,1.57079,-3.01911,-0.09678,-0.44233,0.39102,,
3.5231,1,DESCENDING,-0.0000,1.35075,0.48282,-2.09971,0.04597,1.57079,-3.01911,-0.09678,-0.44233,0.39103,,
3.5290,1,DESCENDING,-0.0000,1.35075,0.48282,-2.09970,0.04596,1.57079,-3.01911,-0.09678,-0.44233,0.39103,,
3.5367,1,DESCENDING,-0.0000,1.35075,0.48282,-2.09968,0.04594,1.57079,-3.01911,-0.09678,-0.44233,0.39105,,
3.5487,1,DESCENDING,-0.0000,1.35075,0.48282,-2.09969,0.04595,1.57079,-3.01911,-0.09678,-0.44233,0.39104,,
3.5567,1,DESCENDING,-0.0000,1.35075,0.48282,-2.09969,0.04595,1.57079,-3.01911,-0.09678,-0.44233,0.39104,,
3.5689,1,DESCENDING,-0.0000,1.35075,0.48282,-2.09966,0.04592,1.57079,-3.01911,-0.09678,-0.44233,0.39105,,
3.5755,1,DESCENDING,-0.0000,1.35075,0.48282,-2.09967,0.04593,1.57079,-3.01911,-0.09678,-0.44233,0.39105,,
3.5866,1,DESCENDING,-0.0000,1.35075,0.48282,-2.09970,0.04596,1.57079,-3.01911,-0.09678,-0.44233,0.39104,,
3.6019,1,DESCENDING,-0.0000,1.35075,0.48282,-2.09966,0.04592,1.57079,-3.01911,-0.09678,-0.44233,0.39105,,
3.6123,1,DESCENDING,-0.0000,1.35075,0.48282,-2.09967,0.04593,1.57079,-3.01911,-0.09678,-0.44233,0.39105,,
3.6164,1,DESCENDING,-0.0000,1.35075,0.48282,-2.09966,0.04592,1.57079,-3.01911,-0.09678,-0.44233,0.39106,,
3.6297,1,DESCENDING,-0.0000,1.35075,0.48283,-2.09962,0.04588,1.57079,-3.01911,-0.09678,-0.44233,0.39108,,
3.6381,1,DESCENDING,-0.0000,1.35075,0.48283,-2.09964,0.04590,1.57079,-3.01911,-0.09678,-0.44233,0.39107,,
3.6502,1,DESCENDING,-0.0000,1.35075,0.48283,-2.09963,0.04588,1.57079,-3.01911,-0.09678,-0.44233,0.39107,,
3.6618,1,DESCENDING,-0.0000,1.35075,0.48283,-2.09960,0.04585,1.57079,-3.01911,-0.09678,-0.44233,0.39109,,
3.6719,1,DESCENDING,-0.0000,1.35075,0.48283,-2.09960,0.04586,1.57079,-3.01911,-0.09678,-0.44233,0.39109,,
3.6765,1,DESCENDING,-0.0000,1.35075,0.48283,-2.09959,0.04585,1.57079,-3.01911,-0.09678,-0.44233,0.39110,,
3.6926,1,DESCENDING,-0.0000,1.35075,0.48283,-2.09957,0.04583,1.57079,-3.01912,-0.09678,-0.44233,0.39111,,
3.6970,1,DESCENDING,-0.0000,1.35075,0.48283,-2.09958,0.04584,1.57079,-3.01912,-0.09678,-0.44233,0.39110,,
3.7060,1,DESCENDING,-0.0000,1.35075,0.48283,-2.09958,0.04584,1.57079,-3.01912,-0.09678,-0.44233,0.39110,,
3.7157,1,DESCENDING,-0.0000,1.35075,0.48283,-2.09956,0.04582,1.57079,-3.01912,-0.09678,-0.44233,0.39111,,
3.7266,1,DESCENDING,-0.0000,1.35075,0.48283,-2.09956,0.04581,1.57079,-3.01912,-0.09678,-0.44233,0.39112,,
3.7421,1,DESCENDING,-0.0000,1.35075,0.48283,-2.09956,0.04581,1.57079,-3.01912,-0.09678,-0.44233,0.39112,,
3.7527,1,DESCENDING,-0.0000,1.35075,0.48283,-2.09955,0.04581,1.57079,-3.01912,-0.09678,-0.44233,0.39112,,
3.7594,1,DESCENDING,-0.0000,1.35075,0.48283,-2.09956,0.04582,1.57079,-3.01912,-0.09678,-0.44233,0.39111,,
3.7686,1,DESCENDING,-0.0000,1.35075,0.48283,-2.09956,0.04581,1.57079,-3.01912,-0.09678,-0.44233,0.39112,,
3.7788,1,DESCENDING,-0.0000,1.35075,0.48283,-2.09954,0.04579,1.57079,-3.01912,-0.09678,-0.44233,0.39113,,
3.7856,1,DESCENDING,-0.0000,1.35075,0.48283,-2.09954,0.04579,1.57079,-3.01912,-0.09678,-0.44233,0.39113,,
3.7956,1,DESCENDING,-0.0000,1.35075,0.48283,-2.09954,0.04579,1.57079,-3.01912,-0.09678,-0.44233,0.39113,,
3.8201,1,DESCENDING,-0.0000,1.35075,0.48283,-2.09953,0.04578,1.57079,-3.01911,-0.09678,-0.44233,0.39113,,
3.8205,1,DESCENDING,-0.0000,1.35075,0.48283,-2.09953,0.04578,1.57079,-3.01911,-0.09678,-0.44233,0.39113,,
3.8392,1,DESCENDING,-0.0000,1.35075,0.48283,-2.09951,0.04576,1.57079,-3.01911,-0.09678,-0.44233,0.39114,,
3.8402,1,DESCENDING,-0.0000,1.35075,0.48283,-2.09951,0.04576,1.57079,-3.01911,-0.09678,-0.44233,0.39114,,
3.8467,1,DESCENDING,-0.0000,1.35075,0.48283,-2.09951,0.04576,1.57079,-3.01911,-0.09678,-0.44233,0.39114,,
3.8617,1,DESCENDING,-0.0000,1.35075,0.48283,-2.09949,0.04574,1.57079,-3.01911,-0.09678,-0.44233,0.39115,,
3.8695,1,DESCENDING,-0.0000,1.35075,0.48283,-2.09948,0.04573,1.57079,-3.01911,-0.09678,-0.44233,0.39116,,
3.8787,1,DESCENDING,-0.0000,1.35075,0.48283,-2.09948,0.04574,1.57079,-3.01911,-0.09678,-0.44233,0.39116,,
3.8934,1,DESCENDING,-0.0000,1.35075,0.48283,-2.09947,0.04572,1.57079,-3.01911,-0.09678,-0.44233,0.39117,,
3.8958,1,DESCENDING,-0.0000,1.35075,0.48283,-2.09947,0.04572,1.57079,-3.01911,-0.09678,-0.44233,0.39117,,
3.9101,1,DESCENDING,-0.0000,1.35075,0.48283,-2.09948,0.04573,1.57079,-3.01911,-0.09678,-0.44233,0.39116,,
3.9184,1,DESCENDING,-0.0000,1.35075,0.48283,-2.09949,0.04574,1.57079,-3.01911,-0.09678,-0.44233,0.39115,,
3.9257,1,DESCENDING,-0.0000,1.35075,0.48283,-2.09949,0.04574,1.57079,-3.01911,-0.09678,-0.44233,0.39116,,
3.9453,1,DESCENDING,-0.0000,1.35075,0.48283,-2.09950,0.04575,1.57079,-3.01911,-0.09678,-0.44233,0.39115,,
3.9462,1,DESCENDING,-0.0000,1.35075,0.48283,-2.09950,0.04575,1.57079,-3.01911,-0.09678,-0.44233,0.39115,,
3.9581,1,DESCENDING,-0.0000,1.35075,0.48283,-2.09949,0.04574,1.57079,-3.01911,-0.09678,-0.44233,0.39116,,
3.9695,1,DESCENDING,-0.0000,1.35075,0.48283,-2.09949,0.04574,1.57079,-3.01911,-0.09678,-0.44233,0.39115,,
3.9810,1,DESCENDING,-0.0000,1.35075,0.48283,-2.09948,0.04573,1.57079,-3.01911,-0.09678,-0.44233,0.39116,,
3.9907,1,DESCENDING,-0.0000,1.35075,0.48283,-2.09947,0.04572,1.57079,-3.01912,-0.09678,-0.44233,0.39117,,
3.9999,1,DESCENDING,-0.0000,1.35075,0.48283,-2.09947,0.04572,1.57079,-3.01912,-0.09678,-0.44233,0.39116,,
4.0214,1,DESCENDING,-0.0000,1.35075,0.48283,-2.09946,0.04571,1.57079,-3.01911,-0.09678,-0.44233,0.39117,,
4.0318,1,DESCENDING,-0.0000,1.35075,0.48283,-2.09946,0.04571,1.57079,-3.01911,-0.09678,-0.44233,0.39117,,
4.0387,1,DESCENDING,-0.0000,1.35075,0.48283,-2.09946,0.04571,1.57079,-3.01911,-0.09678,-0.44233,0.39117,,
4.0484,1,DESCENDING,-0.0000,1.35075,0.48283,-2.09945,0.04570,1.57079,-3.01911,-0.09678,-0.44233,0.39118,,
4.0616,1,DESCENDING,-0.0000,1.35075,0.48283,-2.09945,0.04570,1.57079,-3.01911,-0.09678,-0.44233,0.39118,,
4.0662,1,DESCENDING,-0.0000,1.35075,0.48283,-2.09945,0.04569,1.57079,-3.01911,-0.09678,-0.44233,0.39118,,
4.0793,1,DESCENDING,-0.0000,1.35075,0.48284,-2.09944,0.04568,1.57079,-3.01911,-0.09678,-0.44233,0.39119,,
4.0869,1,DESCENDING,-0.0000,1.35075,0.48284,-2.09944,0.04569,1.57079,-3.01911,-0.09678,-0.44233,0.39118,,
4.0968,1,DESCENDING,-0.0000,1.35075,0.48284,-2.09944,0.04569,1.57079,-3.01911,-0.09678,-0.44233,0.39118,,
4.1075,1,DESCENDING,-0.0000,1.35075,0.48284,-2.09943,0.04568,1.57079,-3.01912,-0.09678,-0.44233,0.39119,,
4.1222,1,DESCENDING,-0.0000,1.35075,0.48284,-2.09943,0.04568,1.57079,-3.01912,-0.09678,-0.44233,0.39119,,
4.1284,1,DESCENDING,-0.0000,1.35075,0.48284,-2.09943,0.04568,1.57079,-3.01912,-0.09678,-0.44233,0.39119,,
4.1374,1,DESCENDING,-0.0000,1.35075,0.48284,-2.09943,0.04568,1.57079,-3.01912,-0.09678,-0.44233,0.39119,,
4.1500,1,DESCENDING,-0.0000,1.35075,0.48284,-2.09943,0.04568,1.57079,-3.01912,-0.09678,-0.44233,0.39119,,
4.1565,1,DESCENDING,-0.0000,1.35075,0.48284,-2.09943,0.04568,1.57079,-3.01912,-0.09678,-0.44233,0.39119,,
4.1685,1,DESCENDING,-0.0000,1.35075,0.48284,-2.09943,0.04568,1.57079,-3.01911,-0.09678,-0.44233,0.39119,,
4.1782,1,DESCENDING,-0.0000,1.35075,0.48284,-2.09943,0.04568,1.57079,-3.01911,-0.09678,-0.44233,0.39119,,
4.1874,1,DESCENDING,-0.0000,1.35075,0.48284,-2.09943,0.04568,1.57079,-3.01911,-0.09678,-0.44233,0.39119,,
4.1981,1,DESCENDING,-0.0000,1.35075,0.48284,-2.09942,0.04567,1.57079,-3.01911,-0.09678,-0.44233,0.39119,,
4.2071,1,DESCENDING,-0.0000,1.35075,0.48284,-2.09943,0.04568,1.57079,-3.01911,-0.09678,-0.44233,0.39119,,
4.2179,1,DESCENDING,-0.0000,1.35075,0.48284,-2.09944,0.04569,1.57079,-3.01911,-0.09678,-0.44233,0.39119,,
4.2282,1,DESCENDING,-0.0000,1.35075,0.48284,-2.09943,0.04568,1.57079,-3.01911,-0.09678,-0.44233,0.39119,,
4.2418,1,DESCENDING,-0.0000,1.35075,0.48284,-2.09943,0.04568,1.57079,-3.01911,-0.09678,-0.44233,0.39119,,
4.2481,1,DESCENDING,-0.0000,1.35075,0.48284,-2.09943,0.04568,1.57079,-3.01912,-0.09678,-0.44233,0.39119,,
4.2596,1,DESCENDING,-0.0000,1.35075,0.48284,-2.09942,0.04567,1.57079,-3.01912,-0.09678,-0.44233,0.39119,,
4.2661,1,DESCENDING,-0.0000,1.35075,0.48284,-2.09943,0.04568,1.57079,-3.01912,-0.09678,-0.44233,0.39119,,
4.2849,1,DESCENDING,-0.0000,1.35075,0.48284,-2.09944,0.04568,1.57079,-3.01912,-0.09678,-0.44233,0.39119,,
4.2921,1,DESCENDING,-0.0000,1.35075,0.48284,-2.09943,0.04568,1.57079,-3.01912,-0.09678,-0.44233,0.39119,,
4.3000,1,DESCENDING,-0.0000,1.35075,0.48284,-2.09944,0.04568,1.57079,-3.01912,-0.09678,-0.44233,0.39119,,
4.3075,1,DESCENDING,-0.0000,1.35075,0.48283,-2.09945,0.04569,1.57079,-3.01912,-0.09678,-0.44233,0.39118,,
4.3233,1,DESCENDING,-0.0000,1.35075,0.48284,-2.09944,0.04569,1.57079,-3.01912,-0.09678,-0.44233,0.39118,,
4.3308,1,DESCENDING,-0.0000,1.35075,0.48284,-2.09944,0.04569,1.57079,-3.01912,-0.09678,-0.44233,0.39118,,
4.3386,1,DESCENDING,-0.0000,1.35075,0.48284,-2.09944,0.04568,1.57079,-3.01912,-0.09678,-0.44233,0.39119,,
4.3475,1,DESCENDING,-0.0000,1.35075,0.48284,-2.09943,0.04568,1.57079,-3.01912,-0.09678,-0.44233,0.39119,,
4.3563,1,DESCENDING,-0.0000,1.35075,0.48284,-2.09943,0.04568,1.57079,-3.01912,-0.09678,-0.44233,0.39119,,
4.3674,1,DESCENDING,-0.0000,1.35075,0.48284,-2.09943,0.04568,1.57079,-3.01912,-0.09678,-0.44233,0.39119,,
4.3903,1,DESCENDING,-0.0000,1.35075,0.48284,-2.09944,0.04569,1.57079,-3.01912,-0.09678,-0.44233,0.39118,,
4.3957,1,DESCENDING,-0.0000,1.35075,0.48284,-2.09944,0.04569,1.57079,-3.01912,-0.09678,-0.44233,0.39118,,
4.4085,1,DESCENDING,-0.0000,1.35075,0.48284,-2.09944,0.04568,1.57079,-3.01912,-0.09678,-0.44233,0.39119,,
4.4224,1,DESCENDING,-0.0000,1.35075,0.48284,-2.09943,0.04568,1.57079,-3.01912,-0.09678,-0.44233,0.39119,,
4.4375,1,DESCENDING,-0.0000,1.35075,0.48284,-2.09943,0.04567,1.57079,-3.01912,-0.09678,-0.44233,0.39119,,
4.4380,1,DESCENDING,-0.0000,1.35075,0.48284,-2.09943,0.04567,1.57079,-3.01912,-0.09678,-0.44233,0.39119,,
4.4573,1,DESCENDING,-0.0000,1.35075,0.48284,-2.09943,0.04568,1.57079,-3.01912,-0.09678,-0.44233,0.39119,,
4.4607,1,DESCENDING,-0.0000,1.35075,0.48284,-2.09943,0.04568,1.57079,-3.01912,-0.09678,-0.44233,0.39119,,
4.4705,1,DESCENDING,-0.0000,1.35075,0.48284,-2.09942,0.04567,1.57079,-3.01912,-0.09678,-0.44233,0.39119,,
4.4763,1,DESCENDING,-0.0000,1.35075,0.48284,-2.09942,0.04567,1.57079,-3.01912,-0.09678,-0.44233,0.39119,,
4.4865,1,DESCENDING,-0.0000,1.35075,0.48284,-2.09942,0.04567,1.57079,-3.01912,-0.09678,-0.44233,0.39119,,
4.4993,1,DESCENDING,-0.0000,1.35075,0.48284,-2.09942,0.04566,1.57079,-3.01912,-0.09678,-0.44233,0.39120,,
4.5062,1,DESCENDING,-0.0000,1.35075,0.48284,-2.09942,0.04566,1.57079,-3.01912,-0.09678,-0.44233,0.39120,,
4.5158,1,DESCENDING,-0.0000,1.35075,0.48284,-2.09942,0.04566,1.57079,-3.01912,-0.09678,-0.44233,0.39120,,
4.5258,1,DESCENDING,-0.0000,1.35075,0.48284,-2.09941,0.04566,1.57079,-3.01912,-0.09678,-0.44233,0.39120,,
4.5376,1,DESCENDING,-0.0000,1.35075,0.48284,-2.09942,0.04566,1.57079,-3.01912,-0.09678,-0.44233,0.39120,,
4.5460,1,DESCENDING,-0.0000,1.35075,0.48284,-2.09942,0.04566,1.57079,-3.01912,-0.09678,-0.44233,0.39120,,
4.5565,1,DESCENDING,-0.0000,1.35075,0.48284,-2.09941,0.04566,1.57079,-3.01912,-0.09678,-0.44233,0.39120,,
4.5719,1,DESCENDING,-0.0000,1.35075,0.48284,-2.09941,0.04566,1.57079,-3.01912,-0.09678,-0.44233,0.39120,,
4.5790,1,DESCENDING,-0.0000,1.35075,0.48284,-2.09941,0.04566,1.57079,-3.01912,-0.09678,-0.44233,0.39120,,
4.5973,1,DESCENDING,-0.0000,1.35075,0.48284,-2.09941,0.04566,1.57079,-3.01912,-0.09678,-0.44233,0.39120,,
4.5992,1,DESCENDING,-0.0000,1.35075,0.48284,-2.09941,0.04566,1.57079,-3.01912,-0.09678,-0.44233,0.39120,,
4.6076,1,DESCENDING,-0.0000,1.35075,0.48284,-2.09941,0.04566,1.57079,-3.01912,-0.09678,-0.44233,0.39120,,
4.6177,1,DESCENDING,-0.0000,1.35075,0.48284,-2.09941,0.04565,1.57079,-3.01912,-0.09678,-0.44233,0.39120,,
4.6296,1,DESCENDING,-0.0000,1.35075,0.48284,-2.09941,0.04566,1.57079,-3.01911,-0.09678,-0.44233,0.39120,,
4.6379,1,DESCENDING,-0.0000,1.35075,0.48284,-2.09941,0.04566,1.57079,-3.01911,-0.09678,-0.44233,0.39120,,
4.6496,1,DESCENDING,-0.0000,1.35075,0.48284,-2.09941,0.04566,1.57079,-3.01911,-0.09678,-0.44233,0.39120,,
4.6591,1,DESCENDING,-0.0000,1.35075,0.48284,-2.09941,0.04566,1.57079,-3.01911,-0.09678,-0.44233,0.39120,,
4.6723,1,DESCENDING,-0.0000,1.35075,0.48284,-2.09942,0.04567,1.57079,-3.01911,-0.09678,-0.44233,0.39119,,
4.6802,1,DESCENDING,-0.0000,1.35075,0.48284,-2.09942,0.04567,1.57079,-3.01911,-0.09678,-0.44233,0.39120,,
4.6920,1,DESCENDING,-0.0000,1.35075,0.48284,-2.09942,0.04567,1.57079,-3.01911,-0.09678,-0.44233,0.39120,,
4.6960,1,DESCENDING,-0.0000,1.35075,0.48284,-2.09942,0.04567,1.57079,-3.01911,-0.09678,-0.44233,0.39120,,
4.7061,1,DESCENDING,-0.0000,1.35075,0.48284,-2.09942,0.04566,1.57079,-3.01911,-0.09678,-0.44233,0.39120,,
4.7962,1,DESCENDING,-0.0000,1.35075,0.48283,-2.09962,0.04588,1.57079,-3.01911,-0.09678,-0.44233,0.39108,,
4.8041,1,DESCENDING,-0.0000,1.35075,0.48282,-2.09966,0.04591,1.57079,-3.01911,-0.09678,-0.44233,0.39106,,
4.8104,1,DESCENDING,-0.0000,1.35075,0.48282,-2.09966,0.04592,1.57079,-3.01911,-0.09678,-0.44233,0.39106,,
4.9110,1,DESCENDING,-0.0000,1.35075,0.48282,-2.09982,0.04609,1.57079,-3.01911,-0.09678,-0.44233,0.39096,,
4.9115,1,DESCENDING,-0.0000,1.35075,0.48282,-2.09982,0.04609,1.57079,-3.01911,-0.09678,-0.44233,0.39096,,
4.9170,1,DESCENDING,-0.0000,1.35075,0.48282,-2.09982,0.04609,1.57079,-3.01911,-0.09678,-0.44233,0.39096,,
4.9265,1,DESCENDING,-0.0000,1.35075,0.48282,-2.09980,0.04607,1.57079,-3.01911,-0.09678,-0.44233,0.39097,,
4.9366,1,DESCENDING,-0.0000,1.35075,0.48282,-2.09980,0.04607,1.57079,-3.01911,-0.09678,-0.44233,0.39097,,
4.9505,1,DESCENDING,-0.0000,1.35075,0.48282,-2.09973,0.04600,1.57079,-3.01911,-0.09678,-0.44233,0.39101,,
4.9572,1,DESCENDING,-0.0000,1.35075,0.48282,-2.09973,0.04600,1.57079,-3.01911,-0.09678,-0.44233,0.39101,,
4.9685,1,DESCENDING,-0.0000,1.35075,0.48282,-2.09972,0.04598,1.57079,-3.01911,-0.09678,-0.44233,0.39102,,
4.9758,1,DESCENDING,-0.0000,1.35075,0.48282,-2.09968,0.04594,1.57079,-3.01911,-0.09678,-0.44233,0.39105,,
4.9982,1,DESCENDING,-0.0000,1.35075,0.48283,-2.09962,0.04588,1.57079,-3.01911,-0.09678,-0.44233,0.39108,,
4.9985,1,DESCENDING,-0.0000,1.35075,0.48283,-2.09962,0.04588,1.57079,-3.01911,-0.09678,-0.44233,0.39108,,
5.0057,1,DESCENDING,-0.0000,1.35075,0.48283,-2.09960,0.04586,1.57079,-3.01911,-0.09678,-0.44233,0.39109,,
5.0209,1,DESCENDING,-0.0000,1.35075,0.48283,-2.09957,0.04582,1.57079,-3.01911,-0.09678,-0.44233,0.39111,,
5.0377,1,DESCENDING,-0.0000,1.35075,0.48283,-2.09954,0.04579,1.57079,-3.01912,-0.09678,-0.44233,0.39113,,
5.0477,1,DESCENDING,-0.0000,1.35075,0.48283,-2.09952,0.04578,1.57079,-3.01912,-0.09678,-0.44233,0.39114,,
5.0573,1,DESCENDING,-0.0000,1.35075,0.48283,-2.09952,0.04577,1.57079,-3.01912,-0.09678,-0.44233,0.39114,,
5.0671,1,DESCENDING,-0.0000,1.35075,0.48283,-2.09950,0.04575,1.57079,-3.01912,-0.09678,-0.44233,0.39115,,
5.0842,1,DESCENDING,-0.0000,1.35075,0.48283,-2.09948,0.04573,1.57079,-3.01911,-0.09678,-0.44233,0.39116,,
5.1009,1,DESCENDING,-0.0000,1.35075,0.48283,-2.09947,0.04572,1.57079,-3.01912,-0.09678,-0.44233,0.39117,,
5.1013,1,DESCENDING,-0.0000,1.35075,0.48283,-2.09947,0.04572,1.57079,-3.01912,-0.09678,-0.44233,0.39117,,
5.1069,1,DESCENDING,-0.0000,1.35075,0.48283,-2.09946,0.04571,1.57079,-3.01912,-0.09678,-0.44233,0.39117,,
5.1159,1,DESCENDING,-0.0000,1.35075,0.48283,-2.09947,0.04571,1.57079,-3.01912,-0.09678,-0.44233,0.39117,,
5.1258,1,DESCENDING,-0.0000,1.35075,0.48283,-2.09946,0.04571,1.57079,-3.01912,-0.09678,-0.44233,0.39117,,
5.1456,1,DESCENDING,-0.0000,1.35075,0.48283,-2.09945,0.04570,1.57079,-3.01912,-0.09678,-0.44233,0.39118,,
5.1468,1,DESCENDING,-0.0000,1.35075,0.48283,-2.09945,0.04570,1.57079,-3.01912,-0.09678,-0.44233,0.39118,,
5.1636,1,DESCENDING,-0.0000,1.35075,0.48284,-2.09943,0.04568,1.57079,-3.01911,-0.09678,-0.44233,0.39119,,
5.1705,1,DESCENDING,-0.0000,1.35075,0.48284,-2.09943,0.04568,1.57079,-3.01911,-0.09678,-0.44233,0.39119,,
5.1768,1,DESCENDING,-0.0000,1.35075,0.48284,-2.09943,0.04568,1.57079,-3.01911,-0.09678,-0.44233,0.39119,,
5.1861,1,DESCENDING,-0.0000,1.35075,0.48284,-2.09943,0.04568,1.57079,-3.01911,-0.09678,-0.44233,0.39119,,
5.2009,1,DESCENDING,-0.0000,1.35075,0.48284,-2.09942,0.04567,1.57079,-3.01911,-0.09678,-0.44233,0.39119,,
5.2074,1,DESCENDING,-0.0000,1.35075,0.48284,-2.09943,0.04567,1.57079,-3.01911,-0.09678,-0.44233,0.39119,,
5.2177,1,DESCENDING,-0.0000,1.35075,0.48284,-2.09942,0.04567,1.57079,-3.01911,-0.09678,-0.44233,0.39119,,
5.2301,1,DESCENDING,-0.0000,1.35075,0.48284,-2.09943,0.04567,1.57079,-3.01911,-0.09678,-0.44233,0.39119,,
5.2424,1,DESCENDING,-0.0000,1.35075,0.48284,-2.09944,0.04568,1.57079,-3.01911,-0.09678,-0.44233,0.39119,,
5.2501,1,DESCENDING,-0.0000,1.35075,0.48284,-2.09943,0.04568,1.57079,-3.01911,-0.09678,-0.44233,0.39119,,
5.2571,1,DESCENDING,-0.0000,1.35075,0.48284,-2.09943,0.04568,1.57079,-3.01911,-0.09678,-0.44233,0.39119,,
5.2764,1,DESCENDING,-0.0000,1.35075,0.48284,-2.09943,0.04567,1.57079,-3.01911,-0.09678,-0.44233,0.39119,,
5.2805,1,DESCENDING,-0.0000,1.35075,0.48284,-2.09942,0.04567,1.57079,-3.01911,-0.09678,-0.44233,0.39119,,
5.2946,1,DESCENDING,-0.0000,1.35075,0.48284,-2.09943,0.04568,1.57079,-3.01911,-0.09678,-0.44233,0.39119,,
5.3190,1,DESCENDING,-0.0000,1.35075,0.48283,-2.09944,0.04569,1.57079,-3.01911,-0.09678,-0.44233,0.39118,,
5.3221,1,DESCENDING,-0.0000,1.35075,0.48283,-2.09945,0.04570,1.57079,-3.01911,-0.09678,-0.44233,0.39118,,
5.3302,1,DESCENDING,-0.0000,1.35075,0.48283,-2.09947,0.04572,1.57079,-3.01911,-0.09678,-0.44233,0.39117,,
5.3605,1,DESCENDING,-0.0000,1.35075,0.48283,-2.09954,0.04580,1.57079,-3.01911,-0.09678,-0.44233,0.39112,,
5.3610,1,DESCENDING,-0.0000,1.35075,0.48283,-2.09954,0.04580,1.57079,-3.01911,-0.09678,-0.44233,0.39112,,
5.3785,1,DESCENDING,-0.0000,1.35075,0.48283,-2.09960,0.04586,1.57079,-3.01911,-0.09678,-0.44233,0.39109,,
5.3815,1,DESCENDING,-0.0000,1.35075,0.48283,-2.09961,0.04586,1.57079,-3.01911,-0.09678,-0.44233,0.39109,,
5.3977,1,DESCENDING,-0.0000,1.35075,0.48282,-2.09965,0.04591,1.57079,-3.01911,-0.09678,-0.44233,0.39106,,
5.3982,1,DESCENDING,-0.0000,1.35075,0.48282,-2.09965,0.04591,1.57079,-3.01911,-0.09678,-0.44233,0.39106,,
5.4077,1,DESCENDING,-0.0000,1.35075,0.48282,-2.09968,0.04594,1.57079,-3.01911,-0.09678,-0.44233,0.39104,,
5.4159,1,DESCENDING,-0.0000,1.35075,0.48282,-2.09969,0.04595,1.57079,-3.01911,-0.09678,-0.44233,0.39104,,
5.4264,1,DESCENDING,-0.0000,1.35075,0.48282,-2.09969,0.04595,1.57079,-3.01911,-0.09678,-0.44233,0.39104,,
5.4467,1,DESCENDING,-0.0000,1.35075,0.48282,-2.09965,0.04591,1.57079,-3.01911,-0.09678,-0.44233,0.39106,,
5.4563,1,DESCENDING,-0.0000,1.35075,0.48283,-2.09962,0.04587,1.57079,-3.01911,-0.09678,-0.44233,0.39108,,
5.4659,1,DESCENDING,-0.0000,1.35075,0.48283,-2.09955,0.04580,1.57079,-3.01911,-0.09678,-0.44233,0.39112,,
5.4755,1,DESCENDING,-0.0000,1.35075,0.48283,-2.09955,0.04580,1.57079,-3.01911,-0.09678,-0.44233,0.39112,,
5.4866,1,DESCENDING,-0.0000,1.35075,0.48283,-2.09953,0.04578,1.57079,-3.01911,-0.09678,-0.44233,0.39113,,
5.5002,1,DESCENDING,-0.0000,1.35075,0.48283,-2.09951,0.04576,1.57079,-3.01911,-0.09678,-0.44233,0.39114,,
5.5097,1,DESCENDING,-0.0000,1.35075,0.48283,-2.09950,0.04575,1.57079,-3.01911,-0.09678,-0.44233,0.39115,,
5.5223,1,DESCENDING,-0.0000,1.35075,0.48283,-2.09948,0.04573,1.57079,-3.01911,-0.09678,-0.44233,0.39116,,
5.5269,1,DESCENDING,-0.0000,1.35075,0.48283,-2.09947,0.04572,1.57079,-3.01911,-0.09678,-0.44233,0.39117,,
5.5369,1,DESCENDING,-0.0000,1.35075,0.48283,-2.09947,0.04572,1.57079,-3.01911,-0.09678,-0.44233,0.39117,,
5.5704,1,DESCENDING,-0.0000,1.35075,0.48283,-2.09945,0.04570,1.57079,-3.01911,-0.09678,-0.44233,0.39118,,
5.5707,1,DESCENDING,-0.0000,1.35075,0.48283,-2.09945,0.04570,1.57079,-3.01911,-0.09678,-0.44233,0.39118,,
5.5757,1,DESCENDING,-0.0000,1.35075,0.48283,-2.09945,0.04570,1.57079,-3.01911,-0.09678,-0.44233,0.39118,,
5.5763,1,DESCENDING,-0.0000,1.35075,0.48283,-2.09945,0.04570,1.57079,-3.01911,-0.09678,-0.44233,0.39118,,
5.5868,1,DESCENDING,-0.0000,1.35075,0.48284,-2.09944,0.04569,1.57079,-3.01911,-0.09678,-0.44233,0.39118,,
5.5961,1,DESCENDING,-0.0000,1.35075,0.48283,-2.09945,0.04570,1.57079,-3.01911,-0.09678,-0.44233,0.39118,,
5.6087,1,DESCENDING,-0.0000,1.35075,0.48283,-2.09949,0.04574,1.57079,-3.01911,-0.09678,-0.44233,0.39116,,
5.6171,1,DESCENDING,-0.0000,1.35075,0.48283,-2.09953,0.04578,1.57079,-3.01911,-0.09678,-0.44233,0.39113,,
5.6263,1,DESCENDING,-0.0000,1.35075,0.48283,-2.09952,0.04577,1.57079,-3.01911,-0.09678,-0.44233,0.39114,,
5.6382,1,DESCENDING,-0.0000,1.35075,0.48283,-2.09949,0.04574,1.57079,-3.01911,-0.09678,-0.44233,0.39115,,
5.6612,1,DESCENDING,-0.0000,1.35075,0.48283,-2.09948,0.04573,1.57079,-3.01912,-0.09678,-0.44233,0.39116,,
5.6617,1,DESCENDING,-0.0000,1.35075,0.48283,-2.09948,0.04573,1.57079,-3.01912,-0.09678,-0.44233,0.39116,,
5.6670,1,DESCENDING,-0.0000,1.35075,0.48283,-2.09947,0.04572,1.57079,-3.01912,-0.09678,-0.44233,0.39117,,
5.6786,1,DESCENDING,-0.0000,1.35075,0.48283,-2.09946,0.04571,1.57079,-3.01912,-0.09678,-0.44233,0.39117,,
5.6869,1,DESCENDING,-0.0000,1.35075,0.48283,-2.09947,0.04572,1.57079,-3.01912,-0.09678,-0.44233,0.39117,,
5.7094,1,DESCENDING,-0.0000,1.35075,0.48283,-2.09945,0.04570,1.57079,-3.01911,-0.09678,-0.44233,0.39118,,
5.7102,1,DESCENDING,-0.0000,1.35075,0.48283,-2.09945,0.04570,1.57079,-3.01911,-0.09678,-0.44233,0.39118,,
5.7204,1,DESCENDING,-0.0000,1.35075,0.48283,-2.09945,0.04570,1.57079,-3.01911,-0.09678,-0.44233,0.39118,,
5.7279,1,DESCENDING,-0.0000,1.35075,0.48284,-2.09944,0.04569,1.57079,-3.01911,-0.09678,-0.44233,0.39118,,
5.7382,1,DESCENDING,-0.0000,1.35075,0.48284,-2.09943,0.04568,1.57079,-3.01912,-0.09678,-0.44233,0.39119,,
5.7629,1,DESCENDING,-0.0000,1.35075,0.48284,-2.09943,0.04568,1.57079,-3.01912,-0.09678,-0.44233,0.39119,,
5.7675,1,DESCENDING,-0.0000,1.35075,0.48284,-2.09943,0.04568,1.57079,-3.01912,-0.09678,-0.44233,0.39119,,
5.7815,1,DESCENDING,-0.0000,1.35075,0.48283,-2.09944,0.04569,1.57079,-3.01912,-0.09678,-0.44233,0.39118,,
5.7902,1,DESCENDING,-0.0000,1.35075,0.48283,-2.09949,0.04575,1.57079,-3.01912,-0.09678,-0.44233,0.39115,,
5.8175,1,DESCENDING,-0.0000,1.35075,0.48283,-2.09949,0.04574,1.57079,-3.01912,-0.09678,-0.44233,0.39115,,
5.8182,1,DESCENDING,-0.0000,1.35075,0.48283,-2.09948,0.04573,1.57079,-3.01911,-0.09678,-0.44233,0.39116,,
5.8281,1,DESCENDING,-0.0000,1.35075,0.48283,-2.09946,0.04571,1.57079,-3.01911,-0.09678,-0.44233,0.39117,,
5.8811,1,DESCENDING,-0.0000,1.35075,0.48283,-2.09945,0.04570,1.57079,-3.01911,-0.09678,-0.44233,0.39118,,
5.8830,1,DESCENDING,-0.0000,1.35075,0.48283,-2.09944,0.04569,1.57079,-3.01911,-0.09678,-0.44233,0.39118,,
5.8876,1,DESCENDING,-0.0000,1.35075,0.48284,-2.09944,0.04569,1.57079,-3.01911,-0.09678,-0.44233,0.39118,,
5.8920,1,DESCENDING,-0.0000,1.35075,0.48284,-2.09944,0.04569,1.57079,-3.01911,-0.09678,-0.44233,0.39118,,
5.8924,1,DESCENDING,-0.0000,1.35075,0.48284,-2.09944,0.04569,1.57079,-3.01911,-0.09678,-0.44233,0.39118,,
5.8967,1,DESCENDING,-0.0000,1.35075,0.48283,-2.09944,0.04569,1.57079,-3.01911,-0.09678,-0.44233,0.39118,,
5.9090,1,DESCENDING,-0.0000,1.35075,0.48283,-2.09949,0.04574,1.57079,-3.01911,-0.09678,-0.44233,0.39116,,
5.9200,1,DESCENDING,-0.0000,1.35075,0.48283,-2.09953,0.04578,1.57079,-3.01911,-0.09678,-0.44233,0.39113,,
5.9269,1,DESCENDING,-0.0000,1.35075,0.48283,-2.09952,0.04578,1.57079,-3.01911,-0.09678,-0.44233,0.39114,,
5.9403,1,DESCENDING,-0.0000,1.35075,0.48283,-2.09950,0.04576,1.57079,-3.01911,-0.09678,-0.44233,0.39115,,
5.9465,1,DESCENDING,-0.0000,1.35075,0.48283,-2.09949,0.04574,1.57079,-3.01912,-0.09678,-0.44233,0.39115,,
5.9610,1,DESCENDING,-0.0000,1.35075,0.48283,-2.09951,0.04576,1.57079,-3.01912,-0.09678,-0.44233,0.39114,,
5.9663,1,DESCENDING,-0.0000,1.35075,0.48283,-2.09954,0.04580,1.57079,-3.01911,-0.09678,-0.44233,0.39112,,
5.9792,1,DESCENDING,-0.0000,1.35075,0.48283,-2.09958,0.04584,1.57079,-3.01911,-0.09678,-0.44233,0.39110,,
5.9869,1,DESCENDING,-0.0000,1.35075,0.48283,-2.09957,0.04583,1.57079,-3.01911,-0.09678,-0.44233,0.39111,,
5.9984,1,DESCENDING,-0.0000,1.35075,0.48283,-2.09954,0.04579,1.57079,-3.01911,-0.09678,-0.44233,0.39113,,
6.0153,1,DESCENDING,-0.0000,1.35075,0.48283,-2.09951,0.04576,1.57079,-3.01911,-0.09678,-0.44233,0.39114,,
6.0183,1,DESCENDING,-0.0000,1.35075,0.48283,-2.09951,0.04576,1.57079,-3.01911,-0.09678,-0.44233,0.39114,,
6.0281,1,DESCENDING,-0.0000,1.35075,0.48283,-2.09950,0.04575,1.57079,-3.01911,-0.09678,-0.44233,0.39115,,
6.0374,1,DESCENDING,-0.0000,1.35075,0.48283,-2.09949,0.04574,1.57079,-3.01911,-0.09678,-0.44233,0.39116,,
6.0469,1,DESCENDING,-0.0000,1.35075,0.48283,-2.09950,0.04575,1.57079,-3.01911,-0.09678,-0.44233,0.39115,,
6.0693,1,DESCENDING,-0.0000,1.35075,0.48283,-2.09959,0.04585,1.57079,-3.01911,-0.09678,-0.44233,0.39110,,
6.0775,1,DESCENDING,-0.0000,1.35075,0.48283,-2.09959,0.04585,1.57079,-3.01911,-0.09678,-0.44233,0.39109,,
6.0875,1,DESCENDING,-0.0000,1.35075,0.48283,-2.09961,0.04587,1.57079,-3.01911,-0.09678,-0.44233,0.39108,,
6.0962,1,DESCENDING,-0.0000,1.35075,0.48283,-2.09964,0.04590,1.57079,-3.01911,-0.09678,-0.44233,0.39107,,
6.1087,1,DESCENDING,-0.0000,1.35075,0.48283,-2.09964,0.04589,1.57079,-3.01911,-0.09678,-0.44233,0.39107,,
6.1189,1,DESCENDING,-0.0000,1.35075,0.48283,-2.09960,0.04585,1.57079,-3.01912,-0.09678,-0.44233,0.39109,,
6.1295,1,DESCENDING,-0.0000,1.35075,0.48283,-2.09956,0.04581,1.57079,-3.01912,-0.09678,-0.44233,0.39112,,
6.1365,1,DESCENDING,-0.0000,1.35075,0.48283,-2.09956,0.04582,1.57079,-3.01912,-0.09678,-0.44233,0.39111,,
6.1492,1,DESCENDING,-0.0000,1.35075,0.48283,-2.09955,0.04581,1.57079,-3.01912,-0.09678,-0.44233,0.39112,,
6.1792,1,DESCENDING,-0.0000,1.35075,0.48283,-2.09960,0.04586,1.57079,-3.01912,-0.09678,-0.44233,0.39109,,
6.1829,1,DESCENDING,-0.0000,1.35075,0.48283,-2.09962,0.04588,1.57079,-3.01912,-0.09678,-0.44233,0.39108,,
6.1884,1,DESCENDING,-0.0000,1.35075,0.48282,-2.09964,0.04590,1.57079,-3.01912,-0.09678,-0.44233,0.39107,,
6.1901,1,DESCENDING,-0.0000,1.35075,0.48282,-2.09964,0.04590,1.57079,-3.01912,-0.09678,-0.44233,0.39107,,
6.1986,1,DESCENDING,-0.0000,1.35075,0.48283,-2.09963,0.04589,1.57079,-3.01912,-0.09678,-0.44233,0.39107,,
6.2116,1,DESCENDING,-0.0000,1.35075,0.48283,-2.09958,0.04583,1.57079,-3.01912,-0.09678,-0.44233,0.39110,,
6.2167,1,DESCENDING,-0.0000,1.35075,0.48283,-2.09956,0.04581,1.57079,-3.01912,-0.09678,-0.44233,0.39112,,
6.2273,1,DESCENDING,-0.0000,1.35075,0.48283,-2.09957,0.04583,1.57079,-3.01912,-0.09678,-0.44233,0.39111,,
6.2412,1,DESCENDING,-0.0000,1.35075,0.48283,-2.09963,0.04589,1.57079,-3.01912,-0.09678,-0.44233,0.39107,,
6.2461,1,DESCENDING,-0.0000,1.35075,0.48282,-2.09966,0.04592,1.57079,-3.01912,-0.09678,-0.44233,0.39106,,
6.2673,1,DESCENDING,-0.0000,1.35075,0.48282,-2.09971,0.04597,1.57079,-3.01912,-0.09678,-0.44233,0.39103,,
6.2728,1,DESCENDING,-0.0000,1.35075,0.48282,-2.09972,0.04598,1.57079,-3.01912,-0.09678,-0.44233,0.39102,,
6.2767,1,DESCENDING,-0.0000,1.35075,0.48282,-2.09974,0.04600,1.57079,-3.01912,-0.09678,-0.44233,0.39101,,
6.2883,1,DESCENDING,-0.0000,1.35075,0.48282,-2.09975,0.04601,1.57079,-3.01912,-0.09678,-0.44233,0.39100,,
6.3006,1,DESCENDING,-0.0000,1.35075,0.48282,-2.09969,0.04595,1.57079,-3.01912,-0.09678,-0.44233,0.39104,,
6.3072,1,DESCENDING,-0.0000,1.35075,0.48283,-2.09963,0.04589,1.57079,-3.01912,-0.09678,-0.44233,0.39107,,
6.3199,1,DESCENDING,-0.0000,1.35075,0.48282,-2.09965,0.04591,1.57079,-3.01912,-0.09678,-0.44233,0.39106,,
6.3278,1,DESCENDING,-0.0000,1.35075,0.48282,-2.09969,0.04595,1.57079,-3.01912,-0.09678,-0.44233,0.39104,,
6.3386,1,DESCENDING,-0.0000,1.35075,0.48282,-2.09976,0.04602,1.57079,-3.01912,-0.09678,-0.44233,0.39100,,
6.3463,1,DESCENDING,-0.0000,1.35075,0.48282,-2.09976,0.04602,1.57079,-3.01912,-0.09678,-0.44233,0.39100,,
6.3582,1,DESCENDING,-0.0000,1.35075,0.48282,-2.09977,0.04603,1.57079,-3.01912,-0.09678,-0.44233,0.39099,,
6.3747,1,DESCENDING,-0.0000,1.35075,0.48282,-2.09980,0.04607,1.57079,-3.01912,-0.09678,-0.44233,0.39097,,
6.3762,1,DESCENDING,-0.0000,1.35075,0.48282,-2.09980,0.04607,1.57079,-3.01912,-0.09678,-0.44233,0.39097,,
6.3909,1,DESCENDING,-0.0000,1.35075,0.48282,-2.09982,0.04608,1.57079,-3.01912,-0.09678,-0.44233,0.39097,,
6.3971,1,DESCENDING,-0.0000,1.35075,0.48282,-2.09980,0.04607,1.57079,-3.01912,-0.09678,-0.44233,0.39097,,
6.4069,1,DESCENDING,-0.0000,1.35075,0.48282,-2.09977,0.04604,1.57079,-3.01912,-0.09678,-0.44233,0.39099,,
6.4163,1,DESCENDING,-0.0000,1.35075,0.48282,-2.09974,0.04600,1.57079,-3.01912,-0.09678,-0.44233,0.39101,,
6.4341,1,DESCENDING,-0.0000,1.35075,0.48282,-2.09965,0.04590,1.57079,-3.01912,-0.09678,-0.44233,0.39106,,
6.4394,1,DESCENDING,-0.0000,1.35075,0.48282,-2.09966,0.04592,1.57079,-3.01912,-0.09678,-0.44233,0.39105,,
6.4499,1,DESCENDING,-0.0000,1.35075,0.48282,-2.09971,0.04597,1.57079,-3.01912,-0.09678,-0.44233,0.39103,,
6.4560,1,DESCENDING,-0.0000,1.35075,0.48282,-2.09976,0.04602,1.57079,-3.01912,-0.09678,-0.44233,0.39100,,
6.4787,1,DESCENDING,-0.0000,1.35075,0.48282,-2.09971,0.04597,1.57079,-3.01912,-0.09678,-0.44233,0.39103,,
6.4795,1,DESCENDING,-0.0000,1.35075,0.48282,-2.09971,0.04597,1.57079,-3.01912,-0.09678,-0.44233,0.39103,,
6.4884,1,DESCENDING,-0.0000,1.35075,0.48282,-2.09964,0.04590,1.57079,-3.01911,-0.09678,-0.44233,0.39106,,
6.5065,1,DESCENDING,-0.0000,1.35075,0.48283,-2.09962,0.04588,1.57079,-3.01911,-0.09678,-0.44233,0.39108,,
6.5069,1,DESCENDING,-0.0000,1.35075,0.48283,-2.09962,0.04588,1.57079,-3.01911,-0.09678,-0.44233,0.39108,,
6.5232,1,DESCENDING,-0.0000,1.35075,0.48283,-2.09956,0.04581,1.57079,-3.01911,-0.09678,-0.44233,0.39111,,
6.5333,1,DESCENDING,-0.0000,1.35075,0.48283,-2.09956,0.04581,1.57079,-3.01911,-0.09678,-0.44233,0.39112,,
6.5387,1,DESCENDING,-0.0000,1.35075,0.48283,-2.09954,0.04580,1.57079,-3.01911,-0.09678,-0.44233,0.39112,,
6.5492,1,DESCENDING,-0.0000,1.35075,0.48283,-2.09952,0.04577,1.57079,-3.01911,-0.09678,-0.44233,0.39114,,
6.5579,1,DESCENDING,-0.0000,1.35075,0.48283,-2.09952,0.04577,1.57079,-3.01911,-0.09678,-0.44233,0.39114,,
6.5811,1,DESCENDING,-0.0000,1.35075,0.48283,-2.09947,0.04572,1.57079,-3.01912,-0.09678,-0.44233,0.39117,,
6.5816,1,DESCENDING,-0.0000,1.35075,0.48283,-2.09947,0.04572,1.57079,-3.01912,-0.09678,-0.44233,0.39117,,
6.5863,1,DESCENDING,-0.0000,1.35075,0.48283,-2.09947,0.04572,1.57079,-3.01912,-0.09678,-0.44233,0.39117,,
6.5992,1,DESCENDING,-0.0000,1.35075,0.48283,-2.09952,0.04577,1.57079,-3.01912,-0.09678,-0.44233,0.39114,,
6.6095,1,DESCENDING,-0.0000,1.35075,0.48283,-2.09957,0.04582,1.57079,-3.01912,-0.09678,-0.44233,0.39111,,
6.6196,1,DESCENDING,-0.0000,1.35075,0.48283,-2.09958,0.04583,1.57079,-3.01912,-0.09678,-0.44233,0.39111,,
6.6272,1,DESCENDING,-0.0000,1.35075,0.48283,-2.09959,0.04584,1.57079,-3.01912,-0.09678,-0.44233,0.39110,,
6.6369,1,DESCENDING,-0.0000,1.35075,0.48283,-2.09958,0.04583,1.57079,-3.01912,-0.09678,-0.44233,0.39110,,
6.6479,1,DESCENDING,-0.0000,1.35075,0.48283,-2.09956,0.04582,1.57079,-3.01912,-0.09678,-0.44233,0.39111,,
6.6604,1,DESCENDING,-0.0000,1.35075,0.48283,-2.09954,0.04579,1.57079,-3.01912,-0.09678,-0.44233,0.39113,,
6.6827,1,DESCENDING,-0.0000,1.35075,0.48283,-2.09955,0.04580,1.57079,-3.01912,-0.09678,-0.44233,0.39112,,
6.6830,1,DESCENDING,-0.0000,1.35075,0.48283,-2.09955,0.04580,1.57079,-3.01912,-0.09678,-0.44233,0.39112,,
6.6872,1,DESCENDING,-0.0000,1.35075,0.48283,-2.09957,0.04582,1.57079,-3.01912,-0.09678,-0.44233,0.39111,,
6.6960,1,DESCENDING,-0.0000,1.35075,0.48283,-2.09960,0.04586,1.57079,-3.01912,-0.09678,-0.44233,0.39109,,
6.7096,1,DESCENDING,-0.0000,1.35075,0.48283,-2.09961,0.04586,1.57079,-3.01912,-0.09678,-0.44233,0.39109,,
6.7162,1,DESCENDING,-0.0000,1.35075,0.48283,-2.09963,0.04589,1.57079,-3.01912,-0.09678,-0.44233,0.39107,,
6.7332,1,DESCENDING,-0.0000,1.35075,0.48282,-2.09968,0.04594,1.57079,-3.01912,-0.09678,-0.44233,0.39104,,
6.7402,1,DESCENDING,-0.0000,1.35075,0.48282,-2.09968,0.04594,1.57079,-3.01912,-0.09678,-0.44233,0.39104,,
6.7512,1,DESCENDING,-0.0000,1.35075,0.48283,-2.09963,0.04589,1.57079,-3.01912,-0.09678,-0.44233,0.39107,,
6.7567,1,DESCENDING,-0.0000,1.35075,0.48283,-2.09961,0.04587,1.57079,-3.01912,-0.09678,-0.44233,0.39108,,
6.7681,1,DESCENDING,-0.0000,1.35075,0.48283,-2.09958,0.04584,1.57079,-3.01912,-0.09678,-0.44233,0.39110,,
6.7877,1,DESCENDING,-0.0000,1.35075,0.48283,-2.09954,0.04579,1.57079,-3.01912,-0.09678,-0.44233,0.39113,,
6.7910,1,DESCENDING,-0.0000,1.35075,0.48283,-2.09954,0.04579,1.57079,-3.01912,-0.09678,-0.44233,0.39113,,
6.8070,1,DESCENDING,-0.0000,1.35075,0.48283,-2.09959,0.04584,1.57079,-3.01912,-0.09678,-0.44233,0.39110,,
6.8074,1,DESCENDING,-0.0000,1.35075,0.48283,-2.09959,0.04584,1.57079,-3.01912,-0.09678,-0.44233,0.39110,,
6.8180,1,DESCENDING,-0.0000,1.35075,0.48283,-2.09963,0.04589,1.57079,-3.01912,-0.09678,-0.44233,0.39107,,
6.8265,1,DESCENDING,-0.0000,1.35075,0.48282,-2.09965,0.04591,1.57079,-3.01912,-0.09678,-0.44233,0.39106,,
6.8392,1,DESCENDING,-0.0000,1.35075,0.48282,-2.09968,0.04594,1.57079,-3.01912,-0.09678,-0.44233,0.39104,,
6.8475,1,DESCENDING,-0.0000,1.35075,0.48282,-2.09971,0.04597,1.57079,-3.01912,-0.09678,-0.44233,0.39103,,
6.8560,1,DESCENDING,-0.0000,1.35075,0.48282,-2.09971,0.04597,1.57079,-3.01912,-0.09678,-0.44233,0.39103,,
6.8668,1,DESCENDING,-0.0000,1.35075,0.48282,-2.09968,0.04594,1.57079,-3.01912,-0.09678,-0.44233,0.39104,,
6.8865,1,DESCENDING,-0.0000,1.35075,0.48283,-2.09964,0.04589,1.57079,-3.01912,-0.09678,-0.44233,0.39107,,
6.8875,1,DESCENDING,-0.0000,1.35075,0.48283,-2.09964,0.04589,1.57079,-3.01912,-0.09678,-0.44233,0.39107,,
6.9080,1,DESCENDING,-0.0000,1.35075,0.48282,-2.09971,0.04597,1.57079,-3.01912,-0.09678,-0.44233,0.39103,,
6.9088,1,DESCENDING,-0.0000,1.35075,0.48282,-2.09971,0.04597,1.57079,-3.01912,-0.09678,-0.44233,0.39103,,
6.9163,1,DESCENDING,-0.0000,1.35075,0.48282,-2.09973,0.04599,1.57079,-3.01912,-0.09678,-0.44233,0.39102,,
6.9277,1,DESCENDING,-0.0000,1.35075,0.48282,-2.09969,0.04595,1.57079,-3.01912,-0.09678,-0.44233,0.39104,,
6.9492,1,DESCENDING,-0.0000,1.35075,0.48282,-2.09965,0.04591,1.57079,-3.01911,-0.09678,-0.44233,0.39106,,
6.9499,1,DESCENDING,-0.0000,1.35075,0.48282,-2.09965,0.04591,1.57079,-3.01911,-0.09678,-0.44233,0.39106,,
6.9621,1,DESCENDING,-0.0000,1.35075,0.48282,-2.09969,0.04595,1.57079,-3.01911,-0.09678,-0.44233,0.39104,,
6.9679,1,DESCENDING,-0.0000,1.35075,0.48282,-2.09972,0.04599,1.57079,-3.01911,-0.09678,-0.44233,0.39102,,
7.0007,1,DESCENDING,-0.0000,1.35075,0.48282,-2.09977,0.04604,1.57079,-3.01911,-0.09678,-0.44233,0.39099,,
7.0356,1,DESCENDING,-0.0000,1.35075,0.48281,-2.09987,0.04614,1.57079,-3.01911,-0.09678,-0.44233,0.39094,,
7.0534,1,DESCENDING,-0.0000,1.35075,0.48281,-2.09989,0.04616,1.57079,-3.01911,-0.09678,-0.44233,0.39092,,
7.0580,1,DESCENDING,-0.0000,1.35075,0.48281,-2.09990,0.04617,1.57079,-3.01911,-0.09678,-0.44233,0.39092,,
7.0607,1,DESCENDING,-0.0000,1.35075,0.48281,-2.09991,0.04619,1.57079,-3.01911,-0.09678,-0.44233,0.39091,,
7.0610,1,DESCENDING,-0.0000,1.35075,0.48281,-2.09991,0.04619,1.57079,-3.01911,-0.09678,-0.44233,0.39091,,
7.0629,1,DESCENDING,-0.0000,1.35075,0.48281,-2.09991,0.04619,1.57079,-3.01911,-0.09678,-0.44233,0.39091,,
7.0682,1,DESCENDING,-0.0000,1.35075,0.48281,-2.09992,0.04619,1.57079,-3.01911,-0.09678,-0.44233,0.39091,,
7.0717,1,DESCENDING,-0.0000,1.35075,0.48281,-2.09992,0.04620,1.57079,-3.01911,-0.09678,-0.44233,0.39090,,
7.0813,1,DESCENDING,-0.0000,1.35075,0.48281,-2.09992,0.04619,1.57079,-3.01911,-0.09678,-0.44233,0.39091,,
7.0963,1,DESCENDING,-0.0000,1.35075,0.48282,-2.09983,0.04610,1.57079,-3.01911,-0.09678,-0.44233,0.39095,,
7.0972,1,DESCENDING,-0.0000,1.35075,0.48282,-2.09983,0.04610,1.57079,-3.01911,-0.09678,-0.44233,0.39095,,
7.1066,1,DESCENDING,-0.0000,1.35075,0.48281,-2.09988,0.04615,1.57079,-3.01911,-0.09678,-0.44233,0.39093,,
7.1160,1,DESCENDING,-0.0000,1.35075,0.48281,-2.09994,0.04622,1.57079,-3.01911,-0.09678,-0.44233,0.39089,,
7.1274,1,DESCENDING,-0.0000,1.35075,0.48281,-2.09997,0.04625,1.57079,-3.01911,-0.09678,-0.44233,0.39087,,
7.1395,1,DESCENDING,-0.0000,1.35075,0.48281,-2.10000,0.04628,1.57079,-3.01911,-0.09678,-0.44233,0.39086,,
7.1559,1,DESCENDING,-0.0000,1.35075,0.48280,-2.10004,0.04632,1.57079,-3.01911,-0.09678,-0.44233,0.39084,,
7.1600,1,DESCENDING,-0.0000,1.35075,0.48280,-2.10004,0.04632,1.57079,-3.01911,-0.09678,-0.44233,0.39084,,
7.1668,1,DESCENDING,-0.0000,1.35075,0.48281,-2.10001,0.04629,1.57079,-3.01911,-0.09678,-0.44233,0.39085,,
7.1781,1,DESCENDING,-0.0000,1.35075,0.48281,-2.09993,0.04620,1.57079,-3.01911,-0.09678,-0.44233,0.39090,,
7.1884,1,DESCENDING,-0.0000,1.35075,0.48281,-2.09988,0.04615,1.57079,-3.01911,-0.09678,-0.44233,0.39093,,
7.1973,1,DESCENDING,-0.0000,1.35075,0.48281,-2.09992,0.04619,1.57079,-3.01911,-0.09678,-0.44233,0.39090,,
7.2082,1,DESCENDING,-0.0000,1.35075,0.48281,-2.10000,0.04628,1.57079,-3.01911,-0.09678,-0.44233,0.39086,,
7.2164,1,DESCENDING,-0.0000,1.35075,0.48281,-2.10002,0.04630,1.57079,-3.01911,-0.09678,-0.44233,0.39084,,
7.2277,1,DESCENDING,-0.0000,1.35075,0.48281,-2.09996,0.04623,1.57079,-3.01911,-0.09678,-0.44233,0.39088,,
7.2401,1,DESCENDING,-0.0000,1.35075,0.48282,-2.09981,0.04607,1.57079,-3.01911,-0.09678,-0.44233,0.39097,,
7.2497,1,DESCENDING,-0.0000,1.35075,0.48282,-2.09981,0.04608,1.57079,-3.01911,-0.09678,-0.44233,0.39097,,
7.2580,1,DESCENDING,-0.0000,1.35075,0.48281,-2.09985,0.04612,1.57079,-3.01911,-0.09678,-0.44233,0.39094,,
7.2668,1,DESCENDING,-0.0000,1.35075,0.48281,-2.09994,0.04621,1.57079,-3.01911,-0.09678,-0.44233,0.39090,,
7.2759,1,DESCENDING,-0.0000,1.35075,0.48281,-2.09994,0.04621,1.57079,-3.01911,-0.09678,-0.44233,0.39090,,
7.3004,1,DESCENDING,-0.0000,1.35075,0.48281,-2.09999,0.04627,1.57079,-3.01911,-0.09678,-0.44233,0.39086,,
7.3110,1,DESCENDING,-0.0000,1.35075,0.48281,-2.10000,0.04628,1.57079,-3.01911,-0.09678,-0.44233,0.39086,,
7.3192,1,DESCENDING,-0.0000,1.35075,0.48281,-2.10003,0.04630,1.57079,-3.01911,-0.09678,-0.44233,0.39084,,
7.3269,1,DESCENDING,-0.0000,1.35075,0.48280,-2.10006,0.04634,1.57079,-3.01911,-0.09678,-0.44233,0.39082,,
7.3428,1,DESCENDING,-0.0000,1.35075,0.48280,-2.10007,0.04635,1.57079,-3.01911,-0.09678,-0.44233,0.39082,,
7.3514,1,DESCENDING,-0.0000,1.35075,0.48280,-2.10009,0.04637,1.57079,-3.01911,-0.09678,-0.44233,0.39080,,
7.3593,1,DESCENDING,-0.0000,1.35075,0.48280,-2.10011,0.04639,1.57079,-3.01911,-0.09678,-0.44233,0.39080,,
7.3913,1,DESCENDING,-0.0000,1.35075,0.48280,-2.10020,0.04649,1.57079,-3.01911,-0.09678,-0.44233,0.39074,,
7.4016,1,DESCENDING,-0.0000,1.35075,0.48280,-2.10020,0.04649,1.57079,-3.01911,-0.09678,-0.44233,0.39074,,
7.4071,1,DESCENDING,-0.0000,1.35075,0.48280,-2.10022,0.04651,1.57079,-3.01911,-0.09678,-0.44233,0.39073,,
7.4081,1,DESCENDING,-0.0000,1.35075,0.48280,-2.10022,0.04651,1.57079,-3.01911,-0.09678,-0.44233,0.39073,,
7.4196,1,DESCENDING,-0.0000,1.35075,0.48279,-2.10025,0.04654,1.57079,-3.01911,-0.09678,-0.44233,0.39071,,
7.4288,1,DESCENDING,-0.0000,1.35075,0.48279,-2.10025,0.04654,1.57079,-3.01911,-0.09678,-0.44233,0.39071,,
7.4451,1,DESCENDING,-0.0000,1.35075,0.48279,-2.10031,0.04660,1.57079,-3.01911,-0.09678,-0.44233,0.39068,,
7.4467,1,DESCENDING,-0.0000,1.35075,0.48279,-2.10033,0.04662,1.57079,-3.01911,-0.09678,-0.44233,0.39067,,
7.4570,1,DESCENDING,-0.0000,1.35075,0.48279,-2.10033,0.04662,1.57079,-3.01911,-0.09678,-0.44233,0.39067,,
7.4674,1,DESCENDING,-0.0000,1.35075,0.48279,-2.10036,0.04665,1.57079,-3.01911,-0.09678,-0.44233,0.39065,,
7.4792,1,DESCENDING,-0.0000,1.35075,0.48279,-2.10041,0.04671,1.57079,-3.01911,-0.09678,-0.44233,0.39062,,
7.4861,1,DESCENDING,-0.0000,1.35075,0.48279,-2.10041,0.04671,1.57079,-3.01911,-0.09678,-0.44233,0.39062,,
7.5019,1,DESCENDING,-0.0000,1.35075,0.48279,-2.10030,0.04660,1.57079,-3.01912,-0.09678,-0.44233,0.39068,,
7.5060,1,DESCENDING,-0.0000,1.35075,0.48279,-2.10023,0.04652,1.57079,-3.01912,-0.09678,-0.44233,0.39072,,
7.5166,1,DESCENDING,-0.0000,1.35075,0.48280,-2.10015,0.04643,1.57079,-3.01912,-0.09678,-0.44233,0.39077,,
7.5287,1,DESCENDING,-0.0000,1.35075,0.48280,-2.10017,0.04646,1.57079,-3.01912,-0.09678,-0.44233,0.39076,,
7.5393,1,DESCENDING,-0.0000,1.35075,0.48279,-2.10023,0.04652,1.57079,-3.01912,-0.09678,-0.44233,0.39073,,
7.5485,1,DESCENDING,-0.0000,1.35075,0.48279,-2.10023,0.04652,1.57079,-3.01912,-0.09678,-0.44233,0.39072,,
7.5598,1,DESCENDING,-0.0000,1.35075,0.48279,-2.10026,0.04655,1.57079,-3.01912,-0.09678,-0.44233,0.39071,,
7.5695,1,DESCENDING,-0.0000,1.35075,0.48279,-2.10029,0.04658,1.57079,-3.01912,-0.09678,-0.44233,0.39069,,
7.5793,1,DESCENDING,-0.0000,1.35075,0.48279,-2.10029,0.04659,1.57079,-3.01912,-0.09678,-0.44233,0.39069,,
7.5982,1,DESCENDING,-0.0000,1.35075,0.48280,-2.10007,0.04635,1.57079,-3.01912,-0.09678,-0.44233,0.39082,,
7.5987,1,DESCENDING,-0.0000,1.35075,0.48280,-2.10007,0.04635,1.57079,-3.01912,-0.09678,-0.44233,0.39082,,
