tempo,tipo
931.336454,CN_MM
0.931336,CN_RA
931.337654,CN_MM
0.093133,CN_RA
931.338867,CN_MM
0.931338,CN_RA
931.340054,CN_RA
931.341255,CN_MM
931.341255,CN_RA
931.34246,CN_MM
0.931342,CN_RA
931.343654,CN_RA
931.344866,CN_MM
0.093134,CN_RA
931.346054,CN_MM
931.346054,CN_RA
931.347255,CN_RA
931.348459,CN_MM
0.931348,CN_RA
931.349655,CN_MM
931.349655,CN_RA
931.350854,CN_MM
0.093135,CN_RA
931.352054,CN_RA
931.353254,CN_RA
931.354465,CN_MM
0.931354,CN_RA
931.355654,CN_RA
931.358054,CN_MM
931.358054,CN_RA
931.358054,CN_SA
931.359254,CN_RA
931.359254,CN_SA
931.362869,CN_MM
0.931362,CN_RA
931.364054,CN_RA
931.364054,CN_SA
931.365254,CN_MM
0.093136,CN_RA
931.366459,CN_MM
0.093136,CN_RA
931.367654,CN_MM
931.367654,CN_RA
931.367654,CN_SA
931.368866,CN_MM
0.093136,CN_RA
931.370053,CN_MM
931.370053,CN_RA
931.370053,CN_SA
931.371254,CN_MM
0.931371,CN_RA
931.372457,CN_MM
0.931372,CN_RA
931.373654,CN_MM
931.373654,CN_RA
931.373654,CN_SA
931.374854,CN_RA
931.374854,CN_SA
931.376054,CN_RA
931.376054,CN_SA
931.377255,CN_RA
931.378459,CN_MM
0.931378,CN_RA
931.379653,CN_MM
0.931379,CN_RA
931.380854,CN_MM
0.093138,CN_RA
931.382054,CN_MM
931.382054,CN_RA
931.383255,CN_MM
0.931383,CN_RA
931.38446,CN_MM
0.931384,CN_RA
931.386854,CN_RA
931.386854,CN_SA
931.389255,CN_RA
931.389255,CN_SA
931.390461,CN_MM
0.093139,CN_RA
931.392854,CN_RA
931.392854,CN_SA
931.394054,CN_RA
931.394054,CN_SA
931.395253,CN_RA
931.395253,CN_SA
931.397654,CN_MM
931.397654,CN_RA
931.397654,CN_SA
931.398854,CN_RA
931.398854,CN_SA
931.400054,CN_MM
0.9314,CN_RA
931.401255,CN_MM
0.09314,CN_RA
931.402461,CN_RA
931.402461,CN_SA
931.403654,CN_MM
0.09314,CN_RA
931.404854,CN_MM
0.931404,CN_RA
931.406054,CN_RA
931.406054,CN_SA
931.407254,CN_RA
931.407254,CN_SA
931.408459,CN_RA
931.408459,CN_SA
931.409654,CN_MM
0.931409,CN_RA
931.410854,CN_MM
0.93141,CN_RA
931.412054,CN_RA
931.413254,CN_RA
931.41446,CN_RA
931.415653,CN_MM
0.093141,CN_RA
931.416854,CN_MM
0.931416,CN_RA
931.418055,CN_RA
931.418055,CN_SA
931.419254,CN_RA
931.419254,CN_SA
931.420461,CN_SA
931.421654,CN_RA
931.421654,CN_SA
931.424054,CN_SA
931.425255,CN_SA
931.42646,CN_SA
931.427653,CN_SA
931.430055,CN_MM
931.430055,CN_SA
931.431254,CN_MM
0.931431,CN_SA
931.432475,CN_SA
931.433654,CN_SA
931.434854,CN_SA
931.436055,CN_SA
931.438473,CN_SA
931.445654,CN_MM
0.931445,CN_RA
931.446853,CN_MM
0.093144,CN_RA
931.448054,CN_RA
931.448054,CN_SA
931.449254,CN_RA
931.449254,CN_SA
931.451654,CN_RA
931.451654,CN_SA
931.452854,CN_RA
931.452854,CN_SA
931.454055,CN_MM
0.093145,CN_RA
931.455255,CN_RA
931.455255,CN_SA
931.457654,CN_MM
931.457654,CN_RA
931.457654,CN_SA
931.458872,CN_RA
931.460054,CN_RA
931.460054,CN_SA
931.462465,CN_RA
931.463655,CN_RA
931.464854,CN_MM
0.093146,CN_RA
931.466054,CN_MM
0.093146,CN_RA
931.467253,CN_MM
0.093146,CN_RA
931.468462,CN_MM
0.093146,CN_RA
931.469654,CN_RA
931.469654,CN_SA
931.470854,CN_MM
0.093147,CN_RA
931.472055,CN_MM
931.472055,CN_RA
931.472055,CN_SA
931.473254,CN_RA
931.476854,CN_MM
0.093147,CN_RA
931.478054,CN_MM
931.478054,CN_RA
931.478054,CN_SA
931.479254,CN_RA
931.479254,CN_SA
931.48046,CN_RA
931.48046,CN_SA
931.481654,CN_MM
0.093148,CN_RA
931.482854,CN_RA
931.482854,CN_SA
931.484054,CN_RA
931.484054,CN_SA
931.485255,CN_RA
931.485255,CN_SA
931.48646,CN_MM
0.093148,CN_RA
931.487654,CN_MM
0.093148,CN_RA
931.488866,CN_MM
0.093148,CN_RA
931.490054,CN_RA
931.491255,CN_RA
931.492461,CN_RA
931.493654,CN_RA
931.493654,CN_SA
931.494854,CN_RA
931.494854,CN_SA
931.496054,CN_RA
931.496054,CN_SA
931.497253,CN_MM
0.093149,CN_RA
931.49846,CN_RA
931.499654,CN_RA
931.499654,CN_SA
931.500855,CN_RA
931.502054,CN_MM
931.502054,CN_RA
931.503255,CN_MM
0.09315,CN_RA
931.50446,CN_RA
931.50446,CN_SA
931.505653,CN_RA
931.505653,CN_SA
931.508054,CN_MM
931.508054,CN_RA
931.508054,CN_SA
931.509254,CN_RA
931.509254,CN_SA
931.51046,CN_MM
0.093151,CN_RA
931.512854,CN_MM
931.512854,CN_RA
931.512854,CN_SA
931.514054,CN_RA
931.514054,CN_SA
931.515254,CN_RA
931.515254,CN_SA
931.516461,CN_RA
931.516461,CN_SA
931.517653,CN_SA
931.518871,CN_SA
931.520054,CN_MM
931.520054,CN_SA
931.521254,CN_SA
931.52246,CN_MM
0.093152,CN_RA
931.523653,CN_RA
931.523653,CN_SA
931.524854,CN_RA
931.524854,CN_SA
931.527255,CN_SA
931.529654,CN_MM
0.093152,CN_RA
931.530854,CN_SA
931.533254,CN_SA
931.536868,CN_MM
0.093153,CN_RA
931.538054,CN_RA
931.538054,CN_SA
931.539254,CN_RA
931.539254,CN_SA
931.54046,CN_RA
931.54046,CN_SA
931.541654,CN_SA
931.552466,CN_RA
931.553654,CN_RA
931.564454,CN_SA
931.565654,CN_SA
931.580054,CN_RA
931.58246,CN_MM
931.58246,CN_RA
931.583653,CN_RA
931.584854,CN_RA
931.586054,CN_RA
931.592054,CN_MM
931.592054,CN_RA
931.59446,CN_RA
931.602855,CN_RA
931.604054,CN_RA
931.605255,CN_MM
0.09316,CN_RA
931.60646,CN_RA
931.60646,CN_SA
931.607653,CN_SA
931.608854,CN_SA
931.610054,CN_SA
931.611254,CN_SA
931.613654,CN_MM
931.613654,CN_SA
931.614853,CN_SA
931.617255,CN_SA
931.658054,CN_SA
931.659254,CN_SA
931.668854,CN_SA
931.670054,CN_SA
931.709654,CN_SA
931.710854,CN_SA
931.743255,CN_SA
931.744455,CN_SA
931.745654,CN_MM
0.093174,CN_SA
931.746871,CN_SA
931.748054,CN_MM
931.748054,CN_SA
931.749254,CN_SA
931.75046,CN_SA
931.752854,CN_SA
931.778054,CN_SA
931.779254,CN_SA
931.799654,CN_SA
931.800854,CN_SA
931.857254,CN_RA
931.858454,CN_RA
931.860871,CN_MM
0.93186,CN_RA
931.862054,CN_SA
931.863254,CN_RA
931.863254,CN_SA
931.866854,CN_SA
931.868054,CN_MM
931.868054,CN_RA
931.869255,CN_RA
931.870463,CN_MM
0.93187,CN_RA
931.871654,CN_RA
931.871654,CN_SA
931.872866,CN_SA
931.874054,CN_SA
931.877654,CN_MM
931.877654,CN_RA
931.878855,CN_MM
0.931878,CN_RA
931.880054,CN_RA
931.881254,CN_RA
931.882461,CN_RA
931.883654,CN_MM
0.093188,CN_RA
931.884854,CN_RA
931.884854,CN_SA
931.886054,CN_SA
931.887254,CN_SA
931.893255,CN_RA
931.894461,CN_RA
931.896854,CN_MM
0.093189,CN_RA
931.898054,CN_RA
931.900455,CN_RA
931.910054,CN_SA
931.911254,CN_SA
931.912454,CN_MM
0.093191,CN_RA
931.913653,CN_RA
931.913653,CN_SA
931.916054,CN_MM
931.916054,CN_RA
931.917254,CN_RA
931.917254,CN_SA
931.918463,CN_RA
931.919653,CN_RA
931.920854,CN_RA
931.922054,CN_MM
0.093192,CN_RA
931.923254,CN_MM
0.093192,CN_RA
931.924455,CN_MM
931.924455,CN_RA
931.925654,CN_RA
931.926854,CN_RA
931.928054,CN_RA
931.929254,CN_RA
931.931653,CN_MM
931.931653,CN_RA
931.931653,CN_SA
931.932853,CN_RA
931.932853,CN_SA
931.934054,CN_RA
931.934054,CN_SA
931.935255,CN_MM
0.093193,CN_RA
931.936461,CN_MM
0.093193,CN_RA
931.937654,CN_RA
931.938874,CN_RA
931.938874,CN_SA
931.940054,CN_MM
931.940054,CN_RA
931.941254,CN_RA
931.942455,CN_RA
931.943654,CN_RA
931.946055,CN_MM
931.946055,CN_RA
931.947254,CN_RA
931.948454,CN_RA
931.949654,CN_MM
0.093194,CN_RA
931.950854,CN_RA
931.952055,CN_MM
931.952055,CN_RA
931.953254,CN_RA
931.955654,CN_RA
931.956854,CN_MM
0.931956,CN_RA
931.958055,CN_RA
931.959254,CN_RA
931.960473,CN_RA
931.961653,CN_RA
931.962854,CN_MM
0.093196,CN_RA
931.964054,CN_MM
931.964054,CN_RA
931.965254,CN_MM
0.093196,CN_RA
931.966454,CN_RA
931.967653,CN_RA
931.968871,CN_MM
0.093196,CN_RA
931.970054,CN_MM
931.970054,CN_RA
931.972463,CN_RA
931.973654,CN_MM
931.973654,CN_RA
931.973654,CN_SA
931.974854,CN_RA
931.974854,CN_SA
931.977254,CN_MM
0.931977,CN_RA
931.978464,CN_MM
0.093197,CN_RA
931.979655,CN_RA
931.979655,CN_SA
931.980853,CN_RA
931.980853,CN_SA
931.982054,CN_RA
931.982054,CN_SA
931.983254,CN_RA
931.983254,CN_SA
931.984462,CN_RA
931.984462,CN_SA
931.985654,CN_MM
0.093198,CN_RA
931.986853,CN_MM
0.093198,CN_RA
931.988055,CN_RA
931.989255,CN_RA
931.990462,CN_MM
0.93199,CN_RA
931.991653,CN_RA
931.992854,CN_MM
0.931992,CN_RA
931.994054,CN_MM
931.994054,CN_RA
931.995254,CN_MM
0.093199,CN_RA
931.996462,CN_RA
931.997654,CN_RA
931.998873,CN_MM
0.931998,CN_RA
932.000054,CN_RA
932.000054,CN_SA
932.001254,CN_RA
932.001254,CN_SA
932.002462,CN_MM
0.0932,CN_RA
932.004854,CN_RA
932.006055,CN_MM
932.006055,CN_RA
932.006055,CN_SA
932.007254,CN_MM
0.932007,CN_RA
932.008465,CN_RA
932.008465,CN_SA
932.009654,CN_MM
932.009654,CN_RA
932.009654,CN_SA
932.010871,CN_RA
932.010871,CN_SA
932.012054,CN_RA
932.012054,CN_SA
932.013255,CN_MM
0.093201,CN_RA
932.014462,CN_RA
932.015654,CN_RA
932.015654,CN_SA
932.01687,CN_RA
932.018054,CN_MM
932.018054,CN_RA
932.019254,CN_RA
932.020454,CN_MM
0.093202,CN_RA
932.021654,CN_MM
932.021654,CN_RA
932.022854,CN_MM
0.093202,CN_RA
932.024054,CN_MM
932.024054,CN_RA
932.025254,CN_RA
932.026454,CN_RA
932.027653,CN_RA
932.028874,CN_RA
932.030054,CN_MM
932.030054,CN_RA
932.031255,CN_MM
0.932031,CN_RA
932.032463,CN_MM
0.093203,CN_RA
932.033653,CN_MM
932.033653,CN_RA
932.034854,CN_RA
932.036054,CN_RA
932.037253,CN_RA
932.038462,CN_MM
0.093203,CN_RA
932.039654,CN_RA
932.040873,CN_MM
0.93204,CN_RA
932.042053,CN_RA
932.043254,CN_MM
932.043254,CN_RA
932.044462,CN_RA
932.045653,CN_RA
932.048054,CN_MM
932.048054,CN_RA
932.049254,CN_RA
932.050453,CN_RA
932.052872,CN_RA
932.052872,CN_SA
932.054054,CN_RA
932.054054,CN_SA
932.055254,CN_MM
0.093205,CN_RA
932.056462,CN_RA
932.056462,CN_SA
932.057654,CN_MM
932.057654,CN_RA
932.058854,CN_RA
932.060054,CN_RA
932.062468,CN_MM
0.932062,CN_RA
932.066054,CN_RA
932.068462,CN_RA
932.072054,CN_RA
932.073255,CN_MM
0.093207,CN_RA
932.074468,CN_RA
932.079254,CN_RA
932.080463,CN_MM
0.93208,CN_RA
932.081654,CN_MM
0.932081,CN_RA
932.08287,CN_MM
0.093208,CN_RA
932.084053,CN_RA
932.085254,CN_MM
932.085254,CN_RA
932.086463,CN_RA
932.087654,CN_MM
0.093208,CN_RA
932.088854,CN_MM
0.932088,CN_RA
932.090054,CN_MM
932.090054,CN_RA
932.091254,CN_MM
0.093209,CN_RA
932.092454,CN_RA
932.093654,CN_RA
932.094854,CN_RA
932.096054,CN_RA
932.098454,CN_MM
0.093209,CN_RA
932.099654,CN_MM
932.099654,CN_RA
932.100874,CN_RA
932.102055,CN_RA
932.103255,CN_RA
932.104461,CN_RA
932.106854,CN_MM
0.09321,CN_RA
932.108054,CN_MM
932.108054,CN_RA
932.109254,CN_RA
932.111654,CN_RA
932.112853,CN_RA
932.114054,CN_RA
932.116467,CN_RA
932.117654,CN_RA
932.118854,CN_RA
932.120054,CN_MM
0.93212,CN_RA
932.121254,CN_RA
932.122462,CN_MM
0.932122,CN_RA
932.123654,CN_RA
932.126053,CN_RA
932.130853,CN_RA
932.472853,CN_MM
0.093247,CN_RA
932.474054,CN_RA
932.475254,CN_MM
0.093247,CN_RA
932.476463,CN_RA
932.478854,CN_MM
932.478854,CN_RA
932.480054,CN_MM
932.480054,CN_RA
932.481254,CN_MM
0.093248,CN_RA
932.483655,CN_MM
0.093248,CN_RA
932.484853,CN_RA
932.486054,CN_RA
932.487254,CN_MM
0.093248,CN_RA
932.488454,CN_RA
932.489654,CN_RA
932.490853,CN_RA
932.492054,CN_MM
932.492054,CN_RA
932.494464,CN_MM
932.494464,CN_RA
932.494464,CN_SA
932.495655,CN_MM
0.093249,CN_RA
932.496855,CN_MM
0.093249,CN_RA
932.498054,CN_RA
932.498054,CN_SA
932.499254,CN_RA
932.499254,CN_SA
932.500464,CN_MM
0.09325,CN_RA
932.502855,CN_MM
932.502855,CN_RA
932.502855,CN_SA
932.505254,CN_MM
9.325052,CN_RA
932.506456,CN_RA
932.506456,CN_SA
932.507654,CN_RA
932.507654,CN_SA
932.508873,CN_RA
932.508873,CN_SA
932.510055,CN_RA
932.510055,CN_SA
932.511254,CN_MM
0.932511,CN_RA
932.512464,CN_MM
0.093251,CN_RA
932.514871,CN_RA
932.514871,CN_SA
932.516053,CN_RA
932.516053,CN_SA
932.517254,CN_RA
932.517254,CN_SA
932.518465,CN_RA
932.518465,CN_SA
932.519654,CN_MM
0.932519,CN_RA
932.520854,CN_RA
932.520854,CN_SA
932.522055,CN_RA
932.522055,CN_SA
932.523254,CN_MM
0.093252,CN_RA
932.524463,CN_RA
932.524463,CN_SA
932.525655,CN_MM
0.932525,CN_RA
932.526873,CN_MM
0.093252,CN_RA
932.528054,CN_MM
932.528054,CN_RA
932.528054,CN_SA
932.529254,CN_MM
0.093252,CN_RA
932.530453,CN_RA
932.530453,CN_SA
932.531654,CN_MM
932.531654,CN_RA
932.531654,CN_SA
932.532854,CN_RA
932.532854,CN_SA
932.534055,CN_MM
932.534055,CN_RA
932.534055,CN_SA
932.535255,CN_MM
0.932535,CN_RA
932.536464,CN_RA
932.536464,CN_SA
932.537654,CN_RA
932.537654,CN_SA
932.538869,CN_MM
0.093253,CN_RA
932.540054,CN_MM
932.540054,CN_RA
932.540054,CN_SA
932.541255,CN_MM
0.932541,CN_RA
932.542464,CN_RA
932.542464,CN_SA
932.543653,CN_RA
932.543653,CN_SA
932.544872,CN_RA
932.544872,CN_SA
932.546053,CN_RA
932.546053,CN_SA
932.547255,CN_MM
0.932547,CN_SA
932.548463,CN_SA
932.549655,CN_RA
932.549655,CN_SA
932.550854,CN_RA
932.550854,CN_SA
932.552054,CN_RA
932.552054,CN_SA
932.554454,CN_MM
0.932554,CN_SA
932.555654,CN_MM
0.093255,CN_SA
932.556853,CN_SA
932.558054,CN_MM
0.932558,CN_RA
932.559255,CN_MM
0.932559,CN_RA
932.560464,CN_RA
932.560464,CN_SA
932.561654,CN_MM
0.932561,CN_RA
932.562875,CN_RA
932.562875,CN_SA
932.564054,CN_RA
932.564054,CN_SA
932.565253,CN_SA
932.566463,CN_SA
932.568854,CN_MM
0.932568,CN_SA
932.570053,CN_SA
932.576054,CN_MM
932.576054,CN_SA
932.578453,CN_SA
932.584455,CN_RA
932.584455,CN_SA
932.585654,CN_RA
932.585654,CN_SA
932.586853,CN_RA
932.586853,CN_SA
932.594054,CN_RA
932.595253,CN_RA
932.597655,CN_MM
932.597655,CN_RA
932.598854,CN_MM
0.932598,CN_RA
932.600054,CN_MM
932.600054,CN_RA
932.600054,CN_SA
932.601254,CN_RA
932.601254,CN_SA
932.602465,CN_RA
932.602465,CN_SA
932.603653,CN_RA
932.604853,CN_SA
932.609654,CN_MM
932.609654,CN_RA
932.610874,CN_MM
0.093261,CN_RA
932.612054,CN_MM
932.612054,CN_RA
932.612054,CN_SA
932.613254,CN_RA
932.613254,CN_SA
932.614464,CN_RA
932.614464,CN_SA
932.615653,CN_RA
932.615653,CN_SA
932.616868,CN_MM
0.093261,CN_RA
932.618054,CN_RA
932.619255,CN_RA
932.619255,CN_SA
932.620474,CN_MM
0.93262,CN_RA
932.621653,CN_SA
932.622854,CN_MM
0.093262,CN_RA
932.624054,CN_RA
932.624054,CN_SA
932.625253,CN_RA
932.626464,CN_SA
932.627655,CN_MM
0.932627,CN_RA
932.628853,CN_MM
0.932628,CN_RA
932.630054,CN_MM
932.630054,CN_RA
932.630054,CN_SA
932.631254,CN_RA
932.631254,CN_SA
932.632455,CN_RA
932.632455,CN_SA
932.633654,CN_RA
932.634855,CN_SA
932.639654,CN_MM
932.639654,CN_RA
932.643254,CN_MM
0.093264,CN_RA
932.644457,CN_MM
0.932644,CN_RA
932.645654,CN_RA
932.646853,CN_RA
932.651654,CN_MM
932.651654,CN_RA
932.652874,CN_RA
932.655254,CN_RA
932.656454,CN_MM
0.093265,CN_RA
932.657654,CN_RA
932.660055,CN_MM
932.660055,CN_RA
932.661254,CN_RA
932.666055,CN_MM
932.666055,CN_RA
932.667254,CN_RA
932.669653,CN_RA
932.672054,CN_MM
932.672054,CN_RA
932.673255,CN_MM
0.093267,CN_RA
932.675653,CN_MM
932.675653,CN_RA
932.676853,CN_MM
0.093267,CN_RA
932.678054,CN_RA
932.679255,CN_MM
0.093267,CN_RA
0.000932,CN_RA
932.681654,CN_MM
0.093268,CN_RA
932.682869,CN_MM
0.093268,CN_RA
932.684054,CN_RA
932.685253,CN_MM
932.685253,CN_RA
932.686464,CN_RA
932.688481,CN_RA
932.688854,CN_MM
0.093268,CN_RA
932.690055,CN_MM
0.093269,CN_RA
932.691254,CN_MM
0.093269,CN_RA
932.693655,CN_MM
932.693655,CN_RA
932.693655,CN_SA
932.696054,CN_MM
932.696054,CN_RA
932.696054,CN_SA
932.697254,CN_MM
0.093269,CN_RA
932.698465,CN_RA
932.698465,CN_SA
932.700871,CN_MM
0.09327,CN_RA
932.702054,CN_RA
932.702054,CN_SA
932.705653,CN_MM
932.705653,CN_RA
932.705653,CN_SA
932.706854,CN_RA
932.706854,CN_SA
932.708054,CN_RA
932.708054,CN_SA
932.709254,CN_RA
932.709254,CN_SA
932.710464,CN_RA
932.714054,CN_MM
932.714054,CN_RA
932.714054,CN_SA
932.715254,CN_RA
932.715254,CN_SA
932.717653,CN_MM
932.717653,CN_RA
932.718854,CN_RA
932.718854,CN_SA
932.722454,CN_MM
932.722454,CN_RA
932.723654,CN_MM
932.723654,CN_RA
932.724854,CN_RA
932.726054,CN_RA
932.727253,CN_RA
932.729654,CN_MM
932.729654,CN_RA
932.729654,CN_SA
932.730854,CN_MM
0.093273,CN_RA
932.732054,CN_MM
932.732054,CN_RA
932.732054,CN_SA
932.733254,CN_RA
932.733254,CN_SA
932.734455,CN_RA
932.734455,CN_SA
932.735654,CN_RA
932.735654,CN_SA
932.736855,CN_MM
0.093273,CN_RA
932.738054,CN_RA
932.738054,CN_SA
932.739253,CN_MM
0.093273,CN_RA
932.740464,CN_MM
0.093274,CN_RA
932.741655,CN_MM
932.741655,CN_RA
932.741655,CN_SA
932.742853,CN_MM
0.093274,CN_RA
932.744054,CN_RA
932.744054,CN_SA
932.745255,CN_RA
932.745255,CN_SA
932.746465,CN_MM
0.932746,CN_RA
932.747653,CN_RA
932.747653,CN_SA
932.748854,CN_RA
932.750055,CN_RA
932.751255,CN_RA
932.753654,CN_MM
0.093275,CN_RA
932.754854,CN_RA
932.754854,CN_SA
932.757254,CN_RA
932.757254,CN_SA
932.758466,CN_RA
932.759655,CN_MM
0.093275,CN_RA
932.760854,CN_MM
0.093276,CN_RA
932.762054,CN_MM
932.762054,CN_RA
932.763254,CN_MM
0.093276,CN_RA
932.764465,CN_RA
932.765653,CN_RA
932.766854,CN_MM
0.932766,CN_RA
932.768054,CN_RA
932.769253,CN_MM
0.093276,CN_RA
932.770454,CN_MM
0.93277,CN_RA
932.771654,CN_RA
932.771654,CN_SA
932.772854,CN_RA
932.774054,CN_RA
932.774054,CN_SA
932.775255,CN_MM
0.932775,CN_RA
932.778854,CN_MM
932.778854,CN_RA
932.780055,CN_RA
932.781255,CN_RA
932.783654,CN_MM
932.783654,CN_RA
932.784871,CN_RA
932.786054,CN_RA
932.787255,CN_MM
0.093278,CN_RA
932.789655,CN_RA
932.789655,CN_SA
932.790854,CN_RA
932.792055,CN_RA
932.792055,CN_SA
932.794454,CN_MM
0.932794,CN_RA
932.795654,CN_RA
932.796854,CN_RA
932.798054,CN_MM
932.798054,CN_RA
932.799253,CN_RA
932.799253,CN_SA
932.800464,CN_RA
932.800464,CN_SA
932.801654,CN_RA
932.801654,CN_SA
932.802869,CN_RA
932.804054,CN_MM
932.804054,CN_RA
932.804054,CN_SA
932.805254,CN_RA
932.805254,CN_SA
932.807653,CN_MM
0.932807,CN_RA
932.808854,CN_MM
0.09328,CN_RA
932.810054,CN_MM
932.810054,CN_RA
932.810054,CN_SA
932.811254,CN_RA
932.812464,CN_MM
0.093281,CN_RA
932.813653,CN_RA
932.814871,CN_RA
932.816054,CN_RA
932.818473,CN_MM
0.932818,CN_RA
932.820854,CN_MM
0.093282,CN_RA
932.822054,CN_RA
932.822054,CN_SA
932.823255,CN_MM
0.932823,CN_RA
932.825654,CN_MM
0.932825,CN_RA
932.82687,CN_MM
0.093282,CN_RA
932.828054,CN_MM
932.828054,CN_RA
932.828054,CN_SA
932.829254,CN_RA
932.829254,CN_SA
932.830465,CN_MM
0.093283,CN_RA
932.831654,CN_RA
932.831654,CN_SA
932.832853,CN_MM
0.093283,CN_RA
932.834055,CN_RA
932.835255,CN_MM
0.093283,CN_RA
932.836466,CN_MM
0.932836,CN_RA
932.837655,CN_MM
932.837655,CN_RA
932.837655,CN_SA
932.838854,CN_RA
932.838854,CN_SA
932.840054,CN_MM
932.840054,CN_RA
932.840054,CN_SA
932.841254,CN_RA
932.843654,CN_RA
932.844854,CN_MM
0.093284,CN_RA
932.846054,CN_MM
932.846054,CN_RA
932.847254,CN_RA
932.848465,CN_RA
932.849653,CN_RA
932.850854,CN_RA
932.853255,CN_MM
0.932853,CN_RA
932.855654,CN_RA
932.856872,CN_MM
0.932856,CN_RA
932.858054,CN_MM
932.858054,CN_RA
932.858054,CN_SA
932.859255,CN_RA
932.859255,CN_SA
932.860466,CN_RA
932.860466,CN_SA
932.862854,CN_MM
0.093286,CN_RA
932.864055,CN_MM
0.093286,CN_RA
932.865254,CN_MM
0.932865,CN_RA
932.867653,CN_RA
932.868855,CN_RA
932.870054,CN_RA
932.871254,CN_MM
0.093287,CN_RA
932.872455,CN_MM
0.093287,CN_RA
932.873654,CN_RA
932.873654,CN_SA
932.874854,CN_RA
932.874854,CN_SA
932.876054,CN_MM
0.932876,CN_RA
932.877254,CN_RA
932.877254,CN_SA
932.878465,CN_MM
0.093287,CN_RA
932.879654,CN_MM
0.093287,CN_RA
932.880855,CN_RA
932.882054,CN_MM
932.882054,CN_RA
932.883254,CN_RA
932.884455,CN_RA
932.885654,CN_RA
932.886853,CN_RA
932.886853,CN_SA
932.888054,CN_MM
932.888054,CN_RA
932.888054,CN_SA
932.889254,CN_RA
932.889254,CN_SA
932.891653,CN_MM
932.891653,CN_RA
932.891653,CN_SA
932.894054,CN_MM
932.894054,CN_RA
932.894054,CN_SA
932.895254,CN_MM
0.093289,CN_RA
932.896464,CN_RA
932.896464,CN_SA
932.897653,CN_RA
932.898854,CN_RA
932.906055,CN_RA
932.909654,CN_SA
932.910854,CN_MM
0.093291,CN_RA
932.912055,CN_MM
932.912055,CN_RA
932.912055,CN_SA
932.913253,CN_RA
932.914465,CN_MM
0.093291,CN_RA
932.915654,CN_MM
0.932915,CN_RA
932.916854,CN_RA
932.916854,CN_SA
932.918054,CN_RA
932.918054,CN_SA
932.919255,CN_RA
932.919255,CN_SA
932.924054,CN_RA
932.925254,CN_MM
0.093292,CN_RA
932.926466,CN_RA
932.927653,CN_RA
932.930054,CN_RA
932.934874,CN_RA
932.936054,CN_MM
932.936054,CN_RA
932.937255,CN_RA
932.938465,CN_MM
0.932938,CN_RA
932.939654,CN_RA
932.940871,CN_MM
0.093294,CN_RA
932.942054,CN_RA
932.943254,CN_RA
932.944465,CN_RA
932.945654,CN_MM
932.945654,CN_RA
932.946854,CN_RA
932.948054,CN_MM
932.948054,CN_RA
932.949254,CN_RA
932.952854,CN_MM
0.093295,CN_RA
932.955254,CN_RA
932.956465,CN_RA
932.957654,CN_MM
0.932957,CN_RA
932.958854,CN_RA
932.960054,CN_RA
932.961254,CN_RA
932.962473,CN_MM
0.093296,CN_RA
932.963654,CN_MM
932.963654,CN_RA
932.966055,CN_MM
932.966055,CN_RA
932.967255,CN_MM
0.932967,CN_RA
932.968459,CN_MM
0.093296,CN_RA
932.969654,CN_RA
932.970854,CN_RA
932.972054,CN_MM
0.932972,CN_RA
932.975654,CN_MM
932.975654,CN_RA
932.976854,CN_RA
932.978055,CN_MM
932.978055,CN_RA
932.979255,CN_RA
932.980466,CN_MM
0.93298,CN_RA
932.981655,CN_RA
932.982854,CN_MM
0.093298,CN_RA
932.984054,CN_MM
932.984054,CN_RA
932.985254,CN_MM
0.093298,CN_RA
932.986466,CN_RA
932.987655,CN_MM
0.093298,CN_RA
932.98887,CN_RA
932.990054,CN_MM
932.990054,CN_RA
932.992454,CN_MM
0.932992,CN_RA
932.993653,CN_MM
0.932993,CN_RA
932.994854,CN_RA
932.996055,CN_MM
0.932996,CN_RA
932.997253,CN_MM
0.093299,CN_RA
932.998463,CN_RA
932.999654,CN_RA
933.000854,CN_MM
0.0933,CN_RA
933.002054,CN_RA
933.003254,CN_MM
0.0933,CN_RA
933.005653,CN_RA
933.006872,CN_MM
0.933006,CN_RA
933.008054,CN_MM
933.008054,CN_RA
933.009254,CN_RA
933.010465,CN_MM
0.093301,CN_RA
933.011654,CN_RA
933.012854,CN_MM
0.093301,CN_RA
933.014054,CN_RA
933.015255,CN_MM
0.933015,CN_RA
933.016455,CN_RA
933.017654,CN_MM
0.093301,CN_RA
933.018854,CN_RA
933.020055,CN_RA
933.021255,CN_MM
0.093302,CN_RA
933.023654,CN_MM
0.933023,CN_RA
933.024854,CN_MM
0.093302,CN_RA
933.026055,CN_RA
933.028465,CN_MM
933.028465,CN_RA
933.029654,CN_RA
933.030854,CN_RA
933.036854,CN_RA
933.040465,CN_RA
933.041654,CN_MM
0.093304,CN_RA
933.044054,CN_MM
933.044054,CN_RA
933.044054,CN_SA
933.045255,CN_MM
0.093304,CN_RA
933.046466,CN_MM
0.093304,CN_RA
933.047654,CN_MM
0.933047,CN_RA
933.048854,CN_RA
933.048854,CN_SA
933.050055,CN_MM
0.093305,CN_RA
933.051254,CN_RA
933.051254,CN_SA
933.05247,CN_MM
0.933052,CN_RA
933.053654,CN_MM
933.053654,CN_RA
933.053654,CN_SA
933.054854,CN_MM
0.093305,CN_RA
933.056054,CN_RA
933.057253,CN_RA
933.058466,CN_MM
0.093305,CN_RA
933.059653,CN_RA
933.060853,CN_MM
0.093306,CN_RA
933.062055,CN_MM
0.093306,CN_RA
933.064465,CN_MM
933.064465,CN_RA
933.065653,CN_MM
0.093306,CN_RA
9.3e-05,CN_RA
933.068055,CN_RA
933.069253,CN_RA
933.070454,CN_RA
933.071654,CN_RA
933.074053,CN_MM
933.074053,CN_RA
933.075254,CN_RA
933.076465,CN_RA
933.077673,CN_MM
0.933077,CN_RA
933.078854,CN_RA
933.078854,CN_SA
933.080054,CN_MM
0.093308,CN_RA
933.081254,CN_RA
933.082458,CN_MM
0.093308,CN_RA
933.083654,CN_RA
933.086054,CN_MM
933.086054,CN_RA
933.086054,CN_SA
933.087253,CN_MM
0.093308,CN_RA
933.08846,CN_MM
0.933088,CN_RA
933.089655,CN_RA
933.089655,CN_SA
933.090872,CN_RA
933.090872,CN_SA
933.092054,CN_MM
933.092054,CN_RA
933.092054,CN_SA
933.094465,CN_MM
933.094465,CN_RA
933.094465,CN_SA
933.096854,CN_RA
933.096854,CN_SA
933.098054,CN_RA
933.099253,CN_RA
933.101654,CN_MM
0.933101,CN_RA
933.102874,CN_SA
933.104054,CN_SA
933.106466,CN_RA
933.107653,CN_RA
933.113654,CN_SA
933.116054,CN_RA
933.116054,CN_SA
933.118471,CN_MM
0.933118,CN_RA
933.126853,CN_RA
933.129253,CN_SA
933.130466,CN_MM
0.93313,CN_RA
933.131653,CN_RA
933.131653,CN_SA
933.134055,CN_MM
933.134055,CN_RA
933.134055,CN_SA
933.141254,CN_RA
933.146054,CN_MM
933.146054,CN_SA
933.147255,CN_MM
0.933147,CN_SA
933.148463,CN_SA
933.154465,CN_SA
933.167655,CN_RA
933.168869,CN_RA
933.170053,CN_RA
933.171253,CN_RA
933.173654,CN_RA
933.183254,CN_RA
933.184465,CN_MM
0.093318,CN_RA
933.185655,CN_MM
0.093318,CN_RA
933.186854,CN_RA
933.191653,CN_MM
0.093319,CN_RA
933.194055,CN_MM
933.194055,CN_RA
933.197654,CN_MM
0.093319,CN_RA
933.198873,CN_MM
0.093319,CN_RA
933.200053,CN_MM
933.200053,CN_RA
933.201254,CN_MM
0.09332,CN_RA
933.202454,CN_MM
0.09332,CN_RA
933.203653,CN_RA
933.204853,CN_RA
933.206055,CN_MM
933.206055,CN_RA
933.207254,CN_RA
933.209655,CN_MM
0.09332,CN_RA
933.210854,CN_MM
0.093321,CN_RA
933.212054,CN_RA
933.214467,CN_MM
0.093321,CN_RA
933.215653,CN_RA
933.219255,CN_MM
933.219255,CN_RA
933.220466,CN_RA
933.224054,CN_MM
933.224054,CN_RA
933.225254,CN_RA
933.232454,CN_MM
933.232454,CN_RA
933.234855,CN_MM
0.093323,CN_RA
933.236055,CN_MM
933.236055,CN_RA
933.236055,CN_SA
933.238466,CN_MM
933.238466,CN_RA
933.238466,CN_SA
933.239653,CN_RA
933.240869,CN_RA
933.240869,CN_SA
933.242054,CN_RA
933.243253,CN_MM
0.093324,CN_RA
933.244462,CN_SA
933.245654,CN_SA
933.248054,CN_MM
933.248054,CN_RA
933.249254,CN_SA
933.250461,CN_MM
0.093325,CN_RA
933.251655,CN_MM
933.251655,CN_RA
933.252854,CN_RA
933.255254,CN_RA
933.257653,CN_MM
933.257653,CN_RA
933.260054,CN_MM
933.260054,CN_RA
933.261254,CN_RA
933.262454,CN_RA
933.263653,CN_RA
933.264871,CN_MM
0.933264,CN_RA
933.266054,CN_RA
933.267254,CN_MM
933.267254,CN_RA
933.269672,CN_MM
0.093326,CN_RA
933.270854,CN_MM
933.270854,CN_RA
933.272055,CN_RA
933.274456,CN_MM
0.093327,CN_RA
933.275654,CN_MM
933.275654,CN_RA
933.275654,CN_SA
933.276853,CN_MM
0.093327,CN_RA
933.278054,CN_RA
933.279254,CN_MM
0.093327,CN_RA
933.280454,CN_RA
933.281654,CN_RA
933.282854,CN_RA
933.284054,CN_MM
933.284054,CN_RA
933.286467,CN_MM
0.093328,CN_RA
933.287654,CN_RA
933.288853,CN_RA
933.290054,CN_RA
933.291254,CN_MM
0.093329,CN_RA
933.292466,CN_MM
0.933292,CN_RA
933.293653,CN_RA
933.296054,CN_MM
933.296054,CN_RA
933.296054,CN_SA
933.297254,CN_RA
933.297254,CN_SA
933.298466,CN_RA
933.299654,CN_RA
933.299654,CN_SA
933.300873,CN_MM
0.09333,CN_RA
933.302054,CN_MM
933.302054,CN_RA
933.303254,CN_RA
933.304466,CN_RA
933.305653,CN_MM
0.933305,CN_RA
933.306854,CN_RA
933.309254,CN_MM
0.09333,CN_RA
933.31047,CN_MM
0.93331,CN_RA
933.311654,CN_MM
933.311654,CN_RA
933.311654,CN_SA
933.312854,CN_MM
0.093331,CN_RA
933.315253,CN_MM
0.933315,CN_RA
933.31646,CN_RA
933.31646,CN_SA
933.317654,CN_MM
933.317654,CN_RA
933.318853,CN_MM
0.933318,CN_RA
933.320055,CN_MM
933.320055,CN_RA
933.321254,CN_RA
933.322467,CN_RA
933.323654,CN_MM
0.093332,CN_RA
933.324854,CN_MM
0.093332,CN_RA
933.326054,CN_MM
933.326054,CN_RA
933.327254,CN_RA
933.328466,CN_MM
0.933328,CN_RA
933.329654,CN_RA
933.332054,CN_MM
933.332054,CN_RA
933.332054,CN_SA
933.333254,CN_RA
933.333254,CN_SA
933.334468,CN_MM
0.933334,CN_RA
933.336854,CN_MM
933.336854,CN_RA
933.338055,CN_RA
933.340466,CN_MM
933.340466,CN_RA
933.340466,CN_SA
933.341653,CN_RA
933.341653,CN_SA
933.342854,CN_MM
0.093334,CN_RA
933.344054,CN_MM
933.344054,CN_RA
933.345254,CN_RA
933.346454,CN_RA
933.346454,CN_SA
933.347655,CN_MM
933.347655,CN_RA
933.348853,CN_RA
933.353653,CN_RA
933.357254,CN_RA
933.358466,CN_SA
933.363255,CN_MM
933.363255,CN_RA
933.363255,CN_SA
933.364466,CN_RA
933.366854,CN_RA
933.371654,CN_SA
933.374054,CN_MM
933.374054,CN_RA
933.374054,CN_SA
933.375254,CN_MM
0.093337,CN_RA
933.376466,CN_MM
0.093337,CN_RA
933.378854,CN_MM
933.378854,CN_RA
933.380054,CN_RA
933.381254,CN_RA
933.382453,CN_MM
0.093338,CN_RA
933.383654,CN_RA
933.383654,CN_SA
933.384854,CN_MM
0.933384,CN_SA
933.386054,CN_RA
933.386054,CN_SA
933.388467,CN_MM
0.093338,CN_RA
933.389654,CN_MM
0.093338,CN_RA
933.390873,CN_RA
933.392055,CN_SA
933.395654,CN_RA
933.395654,CN_SA
933.396854,CN_MM
0.093339,CN_RA
933.398054,CN_RA
933.398054,CN_SA
933.400466,CN_MM
0.9334,CN_SA
933.404054,CN_MM
933.404054,CN_RA
933.404054,CN_SA
933.405254,CN_MM
0.09334,CN_RA
933.406466,CN_MM
0.09334,CN_RA
933.407653,CN_MM
0.933407,CN_RA
933.408854,CN_MM
0.09334,CN_RA
933.410054,CN_RA
933.411255,CN_RA
933.412467,CN_MM
0.933412,CN_RA
933.413655,CN_RA
933.414854,CN_RA
933.416053,CN_MM
933.416053,CN_RA
933.417254,CN_RA
933.419654,CN_MM
0.093341,CN_RA
933.420854,CN_MM
0.093342,CN_RA
933.422055,CN_RA
933.423254,CN_RA
933.424466,CN_RA
933.425654,CN_MM
0.093342,CN_RA
933.426854,CN_MM
0.933426,CN_RA
933.428054,CN_MM
933.428054,CN_RA
933.429254,CN_MM
0.093342,CN_RA
933.430467,CN_MM
0.093343,CN_RA
933.431653,CN_RA
933.432854,CN_MM
0.093343,CN_RA
933.434054,CN_MM
933.434054,CN_RA
933.436465,CN_MM
0.093343,CN_RA
933.437653,CN_RA
933.438875,CN_RA
933.440054,CN_MM
9.3344,CN_RA
933.442466,CN_RA
933.443654,CN_MM
0.093344,CN_RA
933.444854,CN_RA
933.446054,CN_MM
933.446054,CN_RA
933.447254,CN_MM
0.093344,CN_RA
933.449653,CN_RA
933.450854,CN_MM
0.093345,CN_RA
933.452054,CN_MM
933.452054,CN_RA
933.453254,CN_RA
933.455654,CN_RA
933.456854,CN_MM
0.933456,CN_RA
933.458054,CN_RA
933.459254,CN_MM
0.093345,CN_RA
933.460468,CN_RA
933.461655,CN_RA
933.462853,CN_RA
933.464054,CN_MM
933.464054,CN_RA
933.465254,CN_RA
933.466466,CN_MM
0.093346,CN_RA
933.467653,CN_RA
933.468854,CN_RA
933.471254,CN_MM
0.933471,CN_RA
933.472474,CN_MM
0.093347,CN_RA
933.474854,CN_MM
933.474854,CN_RA
933.477255,CN_MM
933.477255,CN_RA
933.477255,CN_SA
933.478468,CN_MM
0.093347,CN_RA
933.479654,CN_MM
0.933479,CN_RA
933.480854,CN_MM
0.93348,CN_RA
933.482054,CN_RA
933.482054,CN_SA
933.483254,CN_MM
0.093348,CN_RA
933.484468,CN_MM
0.933484,CN_RA
933.485653,CN_RA
933.485653,CN_SA
933.486854,CN_RA
933.486854,CN_SA
933.490474,CN_RA
933.491654,CN_MM
933.491654,CN_RA
933.492873,CN_MM
0.093349,CN_RA
933.494054,CN_MM
933.494054,CN_RA
933.495254,CN_RA
933.496455,CN_RA
933.496455,CN_SA
933.497654,CN_MM
0.933497,CN_RA
933.498872,CN_MM
0.093349,CN_RA
933.500054,CN_RA
933.501254,CN_RA
933.501254,CN_SA
933.502468,CN_RA
933.509654,CN_RA
933.512054,CN_MM
933.512054,CN_RA
933.513254,CN_RA
933.513254,CN_SA
933.515655,CN_MM
0.933515,CN_RA
933.516854,CN_RA
933.516854,CN_SA
933.518053,CN_RA
933.518053,CN_SA
933.519254,CN_MM
0.933519,CN_RA
933.521654,CN_MM
0.933521,CN_RA
933.522854,CN_RA
933.522854,CN_SA
933.524054,CN_RA
933.524054,CN_SA
933.525254,CN_RA
933.526466,CN_SA
933.531254,CN_MM
933.531254,CN_RA
933.531254,CN_SA
933.533654,CN_MM
933.533654,CN_RA
933.533654,CN_SA
933.534854,CN_RA
933.536054,CN_RA
933.537255,CN_RA
933.538467,CN_MM
0.093353,CN_RA
933.539653,CN_RA
933.540854,CN_RA
933.542054,CN_MM
933.542054,CN_RA
933.543253,CN_RA
933.549254,CN_RA
933.552854,CN_MM
933.552854,CN_RA
933.554055,CN_RA
933.554055,CN_SA
933.555254,CN_RA
933.555254,CN_SA
933.556468,CN_MM
0.093355,CN_RA
933.557654,CN_RA
933.557654,CN_SA
933.558854,CN_MM
0.933558,CN_RA
933.560053,CN_SA
933.566054,CN_SA
933.585054,CN_RA
933.588655,CN_RA
933.589853,CN_MM
0.093358,CN_RA
933.591054,CN_MM
933.591054,CN_RA
933.592254,CN_RA
933.595855,CN_MM
0.093359,CN_RA
933.599467,CN_RA
933.600654,CN_MM
0.09336,CN_RA
933.603054,CN_MM
933.603054,CN_RA
933.605467,CN_RA
933.606654,CN_MM
0.09336,CN_RA
933.609054,CN_MM
933.609054,CN_RA
933.612654,CN_MM
0.093361,CN_RA
933.618654,CN_RA
933.619853,CN_MM
0.093361,CN_RA
933.624654,CN_RA
933.625854,CN_RA
933.631854,CN_RA
933.639055,CN_RA
933.640254,CN_RA
933.641467,CN_RA
933.647467,CN_SA
933.648655,CN_MM
0.093364,CN_RA
933.653453,CN_MM
933.653453,CN_RA
933.654654,CN_MM
0.933654,CN_RA
933.655854,CN_RA
933.657054,CN_MM
0.933657,CN_RA
933.658254,CN_RA
933.669054,CN_MM
933.669054,CN_RA
933.670253,CN_RA
933.672654,CN_MM
933.672654,CN_RA
933.672654,CN_SA
933.673854,CN_RA
933.673854,CN_SA
933.679854,CN_RA
933.685854,CN_MM
933.685854,CN_RA
933.687054,CN_MM
933.687054,CN_RA
933.688253,CN_RA
933.689468,CN_RA
933.693054,CN_MM
933.693054,CN_SA
933.701469,CN_SA
933.707468,CN_MM
933.707468,CN_SA
933.711055,CN_MM
933.711055,CN_SA
933.733654,CN_RA
933.734853,CN_RA
933.736054,CN_MM
933.736054,CN_RA
933.737254,CN_RA
933.738467,CN_RA
933.739655,CN_MM
0.093373,CN_RA
933.740854,CN_RA
933.742055,CN_MM
0.093374,CN_RA
933.743253,CN_RA
933.745654,CN_MM
0.093374,CN_RA
933.746854,CN_RA
933.748054,CN_MM
0.093374,CN_RA
933.749255,CN_MM
0.093374,CN_RA
933.751653,CN_MM
933.751653,CN_RA
933.752854,CN_RA
933.752854,CN_SA
933.754054,CN_MM
0.093375,CN_RA
933.755254,CN_MM
0.093375,CN_RA
933.756454,CN_RA
933.757654,CN_MM
0.093375,CN_RA
933.760054,CN_MM
933.760054,CN_RA
933.762468,CN_MM
0.093376,CN_RA
933.763654,CN_RA
933.764854,CN_MM
0.093376,CN_RA
933.766054,CN_RA
933.76846,CN_MM
933.76846,CN_RA
933.769654,CN_RA
933.772054,CN_MM
933.772054,CN_RA
933.773253,CN_RA
933.775655,CN_MM
0.093377,CN_RA
933.776854,CN_RA
933.778055,CN_MM
0.093377,CN_RA
933.779255,CN_MM
0.093377,CN_RA
933.780474,CN_RA
933.781654,CN_RA
933.782854,CN_RA
933.784054,CN_MM
933.784054,CN_RA
933.785254,CN_MM
0.093378,CN_RA
933.786468,CN_MM
0.093378,CN_RA
933.788854,CN_MM
0.093378,CN_RA
933.790054,CN_MM
933.790054,CN_RA
933.790054,CN_SA
933.791255,CN_RA
933.791255,CN_SA
933.792468,CN_MM
0.093379,CN_RA
933.794853,CN_MM
0.093379,CN_RA
933.796055,CN_MM
0.933796,CN_RA
933.797255,CN_MM
0.093379,CN_RA
933.798467,CN_MM
0.933798,CN_RA
933.799655,CN_MM
0.093379,CN_RA
933.800854,CN_MM
0.09338,CN_RA
933.802054,CN_MM
933.802054,CN_RA
933.803254,CN_MM
0.09338,CN_RA
933.804469,CN_MM
0.09338,CN_RA
933.805654,CN_RA
933.806854,CN_RA
933.81046,CN_RA
933.811654,CN_RA
933.812854,CN_MM
0.093381,CN_RA
933.814055,CN_RA
933.817655,CN_RA
0.000933,CN_SA
933.818854,CN_MM
0.933818,CN_RA
933.820054,CN_RA
933.820054,CN_SA
933.821254,CN_MM
0.933821,CN_RA
933.823654,CN_MM
933.823654,CN_RA
933.823654,CN_SA
933.824854,CN_RA
933.824854,CN_SA
933.827255,CN_MM
0.933827,CN_RA
933.828467,CN_MM
0.093382,CN_RA
933.829654,CN_RA
933.830854,CN_RA
933.830854,CN_SA
933.833254,CN_MM
933.833254,CN_RA
933.835653,CN_MM
0.933835,CN_RA
933.838054,CN_RA
933.840471,CN_MM
933.840471,CN_RA
933.841654,CN_MM
933.841654,CN_RA
933.842854,CN_MM
0.093384,CN_RA
933.844055,CN_RA
933.845254,CN_MM
0.093384,CN_RA
933.846469,CN_RA
933.847654,CN_RA
933.848854,CN_RA
933.851255,CN_RA
933.853654,CN_RA
933.853654,CN_SA
933.854873,CN_RA
933.854873,CN_SA
933.856055,CN_RA
933.857254,CN_RA
933.857254,CN_SA
933.858468,CN_RA
933.859654,CN_RA
933.862054,CN_MM
933.862054,CN_RA
933.862054,CN_SA
933.863254,CN_RA
933.863254,CN_SA
933.864468,CN_MM
0.093386,CN_RA
933.865654,CN_MM
0.093386,CN_RA
933.866854,CN_MM
0.933866,CN_RA
933.868055,CN_MM
933.868055,CN_RA
933.868055,CN_SA
933.869255,CN_RA
933.869255,CN_SA
933.870468,CN_MM
0.093387,CN_RA
933.871654,CN_MM
0.933871,CN_RA
933.872854,CN_RA
933.872854,CN_SA
933.874054,CN_RA
933.874054,CN_SA
933.875254,CN_RA
933.875254,CN_SA
933.877654,CN_RA
933.877654,CN_SA
933.878854,CN_RA
933.878854,CN_SA
933.880054,CN_MM
0.093388,CN_RA
933.881254,CN_MM
0.093388,CN_RA
933.882454,CN_RA
933.882454,CN_SA
933.883653,CN_RA
933.888468,CN_MM
0.093388,CN_RA
933.892054,CN_RA
933.893255,CN_RA
933.893255,CN_SA
933.894468,CN_MM
0.933894,CN_RA
933.895654,CN_RA
933.895654,CN_SA
933.896854,CN_MM
0.933896,CN_RA
933.898054,CN_RA
933.898054,CN_SA
933.899254,CN_MM
0.093389,CN_RA
933.900468,CN_RA
933.902854,CN_MM
0.09339,CN_RA
933.905254,CN_MM
0.09339,CN_RA
933.906469,CN_MM
0.09339,CN_RA
933.907653,CN_RA
933.910054,CN_RA
933.911254,CN_RA
933.914855,CN_MM
0.093391,CN_RA
933.918474,CN_MM
0.933918,CN_RA
933.922054,CN_RA
933.922054,CN_SA
933.923255,CN_RA
933.923255,CN_SA
933.924469,CN_RA
933.924469,CN_SA
933.925653,CN_RA
933.925653,CN_SA
933.926853,CN_RA
933.926853,CN_SA
933.929255,CN_MM
0.093392,CN_RA
933.930469,CN_MM
0.93393,CN_RA
933.932854,CN_MM
933.932854,CN_RA
933.932854,CN_SA
933.934054,CN_MM
0.093393,CN_RA
933.935254,CN_RA
933.935254,CN_SA
933.937654,CN_MM
0.093393,CN_RA
933.940055,CN_RA
933.941254,CN_RA
933.942469,CN_RA
933.943653,CN_RA
933.944855,CN_RA
933.948462,CN_MM
0.093394,CN_RA
933.949654,CN_MM
933.949654,CN_RA
933.950854,CN_MM
0.093395,CN_RA
933.952054,CN_RA
933.953254,CN_MM
0.093395,CN_RA
933.954454,CN_RA
933.955654,CN_MM
0.093395,CN_RA
933.956872,CN_MM
0.093395,CN_RA
933.959254,CN_MM
933.959254,CN_RA
933.961654,CN_MM
0.933961,CN_RA
933.962854,CN_RA
933.964053,CN_MM
933.964053,CN_RA
933.965254,CN_MM
0.093396,CN_RA
933.966468,CN_MM
0.093396,CN_RA
933.967653,CN_MM
0.093396,CN_RA
933.970054,CN_MM
933.970054,CN_RA
933.971254,CN_RA
933.972468,CN_RA
933.973654,CN_RA
933.976054,CN_MM
933.976054,CN_RA
933.977254,CN_MM
0.093397,CN_RA
933.97847,CN_RA
933.979654,CN_RA
933.980854,CN_MM
0.093398,CN_RA
933.982054,CN_RA
933.988054,CN_MM
0.933988,CN_RA
933.989253,CN_RA
933.990461,CN_RA
933.991654,CN_MM
0.933991,CN_RA
933.992854,CN_RA
933.994054,CN_RA
933.995254,CN_RA
933.996468,CN_MM
0.093399,CN_RA
933.997655,CN_MM
0.093399,CN_RA
933.998854,CN_MM
0.093399,CN_RA
934.000054,CN_RA
934.001253,CN_RA
934.006054,CN_MM
934.006054,CN_RA
934.007254,CN_MM
0.934007,CN_RA
934.008454,CN_RA
934.009653,CN_RA
934.010854,CN_RA
934.012055,CN_MM
0.093401,CN_RA
934.013254,CN_RA
934.014459,CN_MM
0.093401,CN_RA
934.016854,CN_RA
934.019254,CN_RA
934.022854,CN_RA
934.024054,CN_RA
934.027654,CN_MM
934.027654,CN_RA
934.027654,CN_SA
934.028854,CN_RA
934.028854,CN_SA
934.031254,CN_MM
934.031254,CN_RA
934.031254,CN_SA
934.032468,CN_MM
0.093403,CN_RA
934.033654,CN_MM
0.093403,CN_RA
934.034874,CN_RA
934.034874,CN_SA
934.036053,CN_MM
934.036053,CN_RA
934.036053,CN_SA
934.037254,CN_RA
934.037254,CN_SA
934.038454,CN_RA
934.038454,CN_SA
934.040854,CN_RA
934.04166,CN_SA
934.043254,CN_MM
934.043254,CN_RA
934.043254,CN_SA
934.044468,CN_RA
934.044468,CN_SA
934.045654,CN_RA
934.046873,CN_SA
934.052854,CN_RA
934.056453,CN_RA
934.058875,CN_RA
934.060054,CN_RA
934.068468,CN_SA
934.073254,CN_SA
934.078054,CN_SA
934.079254,CN_MM
0.934079,CN_SA
934.080469,CN_MM
0.093408,CN_RA
934.081653,CN_SA
934.084054,CN_MM
934.084054,CN_RA
934.084054,CN_SA
934.085254,CN_SA
934.091253,CN_SA
934.094854,CN_RA
0.093409,CN_SA
934.136255,CN_RA
934.139855,CN_SA
934.145855,CN_RA
934.150654,CN_MM
934.150654,CN_RA
934.150654,CN_SA
934.153055,CN_MM
934.153055,CN_RA
934.153055,CN_SA
934.154254,CN_RA
934.154254,CN_SA
934.157854,CN_MM
934.157854,CN_RA
934.159055,CN_RA
934.159055,CN_SA
934.160254,CN_RA
934.160254,CN_SA
934.161468,CN_RA
934.161468,CN_SA
934.162653,CN_RA
934.162653,CN_SA
934.163855,CN_MM
0.093416,CN_RA
934.165054,CN_RA
934.165054,CN_SA
934.167474,CN_MM
0.093416,CN_RA
934.168654,CN_MM
934.168654,CN_RA
934.169854,CN_RA
934.171054,CN_MM
0.093417,CN_RA
934.172255,CN_RA
934.173453,CN_MM
0.093417,CN_RA
934.174654,CN_MM
0.093417,CN_RA
934.175854,CN_RA
934.177054,CN_MM
0.093417,CN_RA
934.178254,CN_RA
934.178254,CN_SA
934.179469,CN_MM
0.093417,CN_RA
934.180654,CN_MM
0.093418,CN_RA
934.181854,CN_MM
934.181854,CN_RA
934.181854,CN_SA
934.183054,CN_MM
0.093418,CN_RA
934.184254,CN_RA
934.18547,CN_RA
934.186654,CN_MM
934.186654,CN_RA
934.187853,CN_RA
934.190254,CN_MM
0.093419,CN_RA
934.192654,CN_RA
934.193854,CN_MM
0.093419,CN_RA
934.195054,CN_MM
934.195054,CN_RA
934.197466,CN_MM
934.197466,CN_RA
934.198653,CN_RA
934.199854,CN_RA
934.202254,CN_MM
0.09342,CN_RA
934.204654,CN_MM
934.204654,CN_RA
934.205854,CN_RA
934.208254,CN_RA
934.209454,CN_MM
0.09342,CN_RA
934.210654,CN_MM
0.093421,CN_RA
934.213054,CN_RA
934.214255,CN_RA
934.215469,CN_RA
934.216653,CN_RA
934.217854,CN_MM
0.093421,CN_RA
934.219055,CN_RA
934.220253,CN_RA
934.221469,CN_MM
0.093422,CN_RA
934.222654,CN_MM
0.093422,CN_RA
934.223853,CN_MM
0.934223,CN_RA
934.225054,CN_RA
934.226254,CN_MM
0.093422,CN_RA
934.22747,CN_RA
934.229853,CN_MM
934.229853,CN_RA
934.229853,CN_SA
934.231055,CN_RA
934.231055,CN_SA
934.232253,CN_RA
934.234655,CN_MM
0.093423,CN_RA
934.237055,CN_MM
934.237055,CN_RA
934.237055,CN_SA
934.238254,CN_MM
0.093423,CN_RA
934.239469,CN_RA
934.239469,CN_SA
934.240654,CN_RA
934.241854,CN_MM
0.093424,CN_RA
934.243055,CN_MM
0.934243,CN_RA
934.244254,CN_MM
0.093424,CN_RA
934.245456,CN_MM
0.093424,CN_RA
934.246654,CN_MM
934.246654,CN_RA
934.246654,CN_SA
934.247873,CN_MM
0.934247,CN_RA
934.249054,CN_RA
934.249054,CN_SA
934.251458,CN_RA
934.251458,CN_SA
934.252654,CN_MM
934.252654,CN_RA
934.253875,CN_MM
0.093425,CN_RA
934.255054,CN_RA
934.256255,CN_MM
934.256255,CN_RA
934.257469,CN_RA
934.259854,CN_MM
0.934259,CN_RA
934.261054,CN_RA
934.262254,CN_RA
934.263469,CN_MM
0.093426,CN_RA
934.265854,CN_MM
0.093426,CN_RA
934.267054,CN_RA
934.267054,CN_SA
934.268255,CN_RA
934.268255,CN_SA
934.26947,CN_MM
0.934269,CN_RA
934.271873,CN_RA
934.273054,CN_MM
934.273054,CN_RA
934.274255,CN_MM
0.093427,CN_RA
934.275471,CN_RA
934.276654,CN_RA
934.279054,CN_MM
0.093427,CN_RA
934.280255,CN_RA
934.282654,CN_MM
0.934282,CN_RA
934.283854,CN_MM
0.093428,CN_RA
934.285054,CN_RA
934.286255,CN_MM
0.093428,CN_RA
934.287469,CN_MM
0.934287,CN_RA
934.288653,CN_MM
0.934288,CN_RA
934.289855,CN_RA
934.289855,CN_SA
934.292254,CN_RA
934.293454,CN_MM
0.934293,CN_RA
934.294654,CN_MM
934.294654,CN_RA
934.294654,CN_SA
934.295854,CN_RA
934.295854,CN_SA
934.297054,CN_MM
0.934297,CN_RA
934.298255,CN_MM
0.093429,CN_RA
934.299469,CN_MM
0.934299,CN_RA
934.300654,CN_MM
0.09343,CN_RA
934.301855,CN_RA
934.301855,CN_SA
934.304254,CN_RA
934.304254,CN_SA
934.305469,CN_MM
0.934305,CN_RA
934.307854,CN_RA
934.307854,CN_SA
934.310254,CN_RA
934.311456,CN_MM
0.934311,CN_RA
934.312654,CN_RA
934.313874,CN_RA
934.315054,CN_MM
934.315054,CN_RA
934.316254,CN_RA
934.317455,CN_RA
934.318654,CN_MM
0.934318,CN_RA
934.319855,CN_MM
0.093431,CN_RA
934.321054,CN_MM
934.321054,CN_RA
934.322254,CN_RA
934.322254,CN_SA
934.32347,CN_RA
934.32347,CN_SA
934.324654,CN_RA
934.324654,CN_SA
934.325853,CN_MM
934.325853,CN_RA
934.327054,CN_MM
0.934327,CN_RA
934.329454,CN_RA
934.330654,CN_RA
934.331854,CN_RA
934.333054,CN_RA
934.334254,CN_MM
0.934334,CN_RA
934.335462,CN_RA
934.335462,CN_SA
934.336654,CN_MM
934.336654,CN_RA
934.336654,CN_SA
934.337854,CN_RA
934.340255,CN_RA
934.34147,CN_MM
0.934341,CN_RA
934.342653,CN_MM
0.934342,CN_RA
934.343854,CN_MM
0.934343,CN_RA
934.345055,CN_RA
934.345055,CN_SA
934.346255,CN_RA
934.346255,CN_SA
934.347469,CN_MM
0.093434,CN_RA
934.349854,CN_RA
934.349854,CN_SA
934.351055,CN_MM
0.093435,CN_RA
934.352255,CN_MM
0.934352,CN_RA
934.35347,CN_RA
934.35347,CN_SA
934.354654,CN_MM
0.093435,CN_RA
934.355854,CN_RA
934.355854,CN_SA
934.357054,CN_RA
934.360654,CN_RA
934.360654,CN_SA
934.361854,CN_SA
934.365454,CN_RA
934.366654,CN_MM
0.934366,CN_RA
934.367854,CN_MM
0.093436,CN_RA
934.369054,CN_RA
934.369054,CN_SA
934.370255,CN_SA
934.378654,CN_SA
934.379854,CN_MM
0.093437,CN_RA
934.381054,CN_MM
934.381054,CN_RA
934.381054,CN_SA
934.382254,CN_SA
934.38347,CN_MM
0.934383,CN_SA
934.385854,CN_RA
934.385854,CN_SA
934.387054,CN_RA
934.387054,CN_SA
934.388254,CN_MM
0.093438,CN_RA
934.389454,CN_RA
934.390653,CN_SA
934.391854,CN_MM
0.093439,CN_RA
934.399054,CN_RA
934.40147,CN_RA
934.40147,CN_SA
934.402653,CN_RA
934.402653,CN_SA
934.403854,CN_RA
934.403854,CN_SA
934.405055,CN_MM
0.09344,CN_RA
934.406253,CN_RA
934.408654,CN_MM
934.408654,CN_RA
934.409874,CN_RA
934.411054,CN_MM
934.411054,CN_RA
934.412254,CN_MM
0.934412,CN_RA
934.413464,CN_RA
934.414654,CN_MM
934.414654,CN_RA
934.415854,CN_RA
934.417054,CN_MM
934.417054,CN_RA
934.419471,CN_MM
934.419471,CN_RA
934.420654,CN_RA
934.421854,CN_MM
934.421854,CN_RA
934.423054,CN_RA
934.424253,CN_RA
934.426654,CN_MM
934.426654,CN_RA
934.429054,CN_RA
934.430255,CN_MM
0.093443,CN_RA
934.431454,CN_RA
934.432653,CN_MM
0.093443,CN_RA
934.435055,CN_MM
934.435055,CN_RA
934.436253,CN_RA
934.43747,CN_MM
0.093443,CN_RA
934.438654,CN_MM
0.934438,CN_RA
934.439854,CN_MM
0.934439,CN_RA
934.441054,CN_RA
934.441054,CN_SA
934.442255,CN_MM
0.934442,CN_RA
934.444653,CN_MM
0.934444,CN_RA
934.445854,CN_RA
934.447054,CN_MM
0.934447,CN_RA
934.448253,CN_RA
934.449469,CN_RA
934.450654,CN_MM
934.450654,CN_RA
934.450654,CN_SA
934.451854,CN_RA
934.451854,CN_SA
934.453054,CN_RA
934.453054,CN_SA
934.454254,CN_MM
0.093445,CN_RA
934.456653,CN_RA
934.456653,CN_SA
934.457853,CN_RA
934.457853,CN_SA
934.459054,CN_RA
934.459054,CN_SA
934.460254,CN_MM
0.93446,CN_RA
934.461463,CN_SA
934.462654,CN_RA
934.465054,CN_RA
934.467472,CN_MM
0.934467,CN_RA
934.473474,CN_RA
934.474654,CN_RA
934.481854,CN_RA
934.483054,CN_RA
934.484254,CN_MM
0.093448,CN_RA
934.48547,CN_RA
934.487854,CN_MM
0.093448,CN_RA
934.489054,CN_RA
934.490254,CN_MM
0.093449,CN_RA
934.49147,CN_RA
934.492654,CN_MM
0.934492,CN_RA
934.493854,CN_RA
934.496254,CN_RA
934.498653,CN_RA
934.499854,CN_MM
0.934499,CN_RA
934.502255,CN_MM
0.934502,CN_RA
934.50347,CN_RA
934.504654,CN_RA
934.505854,CN_RA
934.507055,CN_RA
934.508253,CN_RA
934.509474,CN_MM
0.934509,CN_RA
934.510654,CN_RA
934.511855,CN_MM
0.093451,CN_RA
934.513054,CN_MM
934.513054,CN_RA
934.514254,CN_MM
0.093451,CN_RA
934.51547,CN_RA
934.516654,CN_RA
934.517855,CN_MM
934.517855,CN_RA
934.519055,CN_RA
934.520254,CN_MM
0.093452,CN_RA
934.521455,CN_RA
934.522654,CN_MM
934.522654,CN_RA
934.525054,CN_MM
934.525054,CN_RA
934.526254,CN_RA
934.52747,CN_MM
0.934527,CN_RA
934.528653,CN_MM
0.934528,CN_RA
934.529854,CN_MM
0.934529,CN_RA
934.531055,CN_MM
0.093453,CN_RA
934.532255,CN_MM
0.934532,CN_RA
934.53347,CN_RA
934.53347,CN_SA
934.534655,CN_MM
0.934534,CN_RA
934.535854,CN_MM
0.093453,CN_RA
934.537054,CN_MM
934.537054,CN_RA
934.537054,CN_SA
934.538254,CN_MM
0.093453,CN_RA
934.53947,CN_RA
934.53947,CN_SA
934.540654,CN_MM
0.93454,CN_RA
934.544254,CN_RA
934.544254,CN_SA
934.54547,CN_RA
934.546653,CN_RA
934.547854,CN_RA
934.551453,CN_MM
0.934551,CN_RA
934.552654,CN_RA
934.555053,CN_RA
934.556254,CN_MM
0.093455,CN_RA
934.55747,CN_RA
934.558653,CN_RA
934.559854,CN_MM
0.934559,CN_RA
934.561055,CN_RA
934.562254,CN_RA
934.56347,CN_MM
0.093456,CN_RA
934.564654,CN_MM
0.093456,CN_RA
934.565855,CN_MM
934.565855,CN_RA
934.567053,CN_RA
934.568254,CN_MM
0.934568,CN_RA
934.569454,CN_RA
934.571854,CN_MM
0.093457,CN_RA
934.573055,CN_MM
934.573055,CN_RA
934.574255,CN_RA
934.575471,CN_RA
934.577854,CN_RA
934.579054,CN_MM
934.579054,CN_RA
934.580254,CN_MM
0.093458,CN_RA
934.582654,CN_MM
0.093458,CN_RA
934.583853,CN_RA
934.583853,CN_SA
934.585053,CN_RA
934.588654,CN_MM
0.934588,CN_RA
934.589854,CN_RA
934.591055,CN_MM
0.093459,CN_RA
934.593453,CN_MM
934.593453,CN_RA
934.594654,CN_RA
934.595853,CN_RA
934.597054,CN_MM
934.597054,CN_RA
934.598254,CN_MM
0.093459,CN_RA
934.59947,CN_MM
0.093459,CN_RA
934.600654,CN_RA
934.604254,CN_RA
934.606654,CN_MM
934.606654,CN_RA
934.607854,CN_MM
0.09346,CN_RA
934.609054,CN_RA
934.611472,CN_MM
0.093461,CN_RA
934.613854,CN_MM
934.613854,CN_RA
934.616254,CN_MM
0.093461,CN_RA
934.61747,CN_MM
0.093461,CN_RA
934.618654,CN_MM
0.093461,CN_RA
934.619854,CN_RA
